ENb001_CL01APR08-s,0,0,0
ENb001_CL01APR08-d,0,0,0
RFa001_CL01APR08-s,0,0,0
RFa001_CL01APR08-d,0,0,0
RFa009_CL01APR08-s,0,0,0
RFa009_CL01APR08-d,0,0,0
RFa012_CL01APR08-s,0,0,0
RFa012_CL01APR08-d,0,0,0
RFb001_CL01APR08-s,0,0,0
RFb001_CL01APR08-d,0,0,0
FIa001_CL01APR09-s,0,0,0
FIa001_CL01APR09-d,0,0,0
FIa048_CL01APR09-s,0,0,0
FIa048_CL01APR09-d,0,0,0
FIa049_CL01APR09-s,0,0,0
FIa049_CL01APR09-d,0,0,0
CFc001_CL01APR13-s,0,0,0
CFc001_CL01APR13-d,0,0,0
HTa001_CL01APR13-s,0,0,0
HTa001_CL01APR13-d,0,0,0
HTa046_CL01APR13-s,0,0,0
HTa046_CL01APR13-d,0,0,0
RCa001_CL01APR14-s,0,0,0
RCa001_CL01APR14-d,0,0,0
RCa009_CL01APR14-s,0,0,0
RCa009_CL01APR14-d,0,0,0
RCa024_CL01APR14-s,0,0,0
RCa024_CL01APR14-d,0,0,0
SEa001_CL01APR15-s,0,0,0
SEa001_CL01APR15-d,0,0,0
SEa007_CL01APR15-s,0,0,0
SEa007_CL01APR15-d,0,0,0
SEa012_CL01APR15-s,0,0,0
SEa012_CL01APR15-d,0,0,0
SEb001_CL01APR15-s,0,0,0
SEb001_CL01APR15-d,0,0,0
RCa001_CL01APR17-s,0,0,0
RCa001_CL01APR17-d,0,0,0
RCa024_CL01APR17-s,0,0,0
RCa024_CL01APR17-d,0,0,0
NIa001_CL01APR18-s,0,0,0
NIa001_CL01APR18-d,0,0,0
NIa020_CL01APR18-s,0.002443333333333333,0.002443333333333333,0
NIa020_CL01APR18-d,0,0,0
NIa030_CL01APR18-s,0,0,0
NIa030_CL01APR18-d,0,0,0
BFa001_CL01AUG08-s,0,0,0
BFa001_CL01AUG08-d,0,0,0
BFa003_CL01AUG08-s,0,0,0
BFa003_CL01AUG08-d,0,0,0
BFa012_CL01AUG08-s,0,0,0
BFa012_CL01AUG08-d,0,0,0
GEb001_CL01AUG13-s,0,0,0
GEb001_CL01AUG13-d,0,0,0
GEb008_CL01AUG13-s,0,0,0
GEb008_CL01AUG13-d,0,0,0
GEb011_CL01AUG13-s,0,0,0
GEb011_CL01AUG13-d,0,0,0
GEb012_CL01AUG13-s,0,0,0
GEb012_CL01AUG13-d,0,0,0
GEb013_CL01AUG13-s,0,0,0
GEb013_CL01AUG13-d,0,0,0
SMa001_CL01DEC05-s,0,0,0
SMa001_CL01DEC05-d,0,0,0
SMa009_CL01DEC05-s,0,0,0
SMa009_CL01DEC05-d,0,0,0
SMa010_CL01DEC05-s,0,0,0
SMa010_CL01DEC05-d,0,0,0
CDa001_CL01DEC06-s,0,0,0
CDa001_CL01DEC06-d,0,0,0
CDb001_CL01DEC06-s,0,0,0
CDb001_CL01DEC06-d,0,0,0
RFa001_CL01DEC09-s,0,0,0
RFa001_CL01DEC09-d,0,0,0
RFa004_CL01DEC09-s,0,0,0
RFa004_CL01DEC09-d,0,0,0
CFc001_CL01DEC12-s,0,0,0
CFc001_CL01DEC12-d,0,0,0
HTa001_CL01DEC12-s,0,0,0
HTa001_CL01DEC12-d,0,0,0
HTa046_CL01DEC12-s,0,0,0
HTa046_CL01DEC12-d,0,0,0
SMa001_CL01FEB07-s,0,0,0
SMa001_CL01FEB07-d,0,0,0
SMa021_CL01FEB07-s,0,0,0
SMa021_CL01FEB07-d,0,0,0
SMa022_CL01FEB07-s,0,0,0
SMa022_CL01FEB07-d,0,0,0
SMa023_CL01FEB07-s,0,0,0
SMa023_CL01FEB07-d,0,0,0
SMa001_CL01FEB09-s,0,0,0
SMa001_CL01FEB09-d,0,0,0
SMa021_CL01FEB09-s,0,0,0
SMa021_CL01FEB09-d,0,0,0
SMa022_CL01FEB09-s,0,0,0
SMa022_CL01FEB09-d,0,0,0
SMa023_CL01FEB09-s,0,0,0
SMa023_CL01FEB09-d,0,0,0
INa004_CL01FEB15-s,0,0,0
INa004_CL01FEB15-d,0,0,0
INf001_CL01FEB15-s,0,0,0
INf001_CL01FEB15-d,0,0,0
SEa001_CL01JAN09-s,0,0,0
SEa001_CL01JAN09-d,0,0,0
SEa007_CL01JAN09-s,0,0,0
SEa007_CL01JAN09-d,0,0,0
SEb001_CL01JAN09-s,0,0,0
SEb001_CL01JAN09-d,0,0,0
FMa001_CL01JAN18-s,0,0,0
FMa001_CL01JAN18-d,0,0,0
FMa032_CL01JAN18-s,0,0,0
FMa032_CL01JAN18-d,0,0,0
FMa033_CL01JAN18-s,0,0,0
FMa033_CL01JAN18-d,0,0,0
FMa034_CL01JAN18-s,0,0,0
FMa034_CL01JAN18-d,0,0,0
FMa035_CL01JAN18-s,0,0,0
FMa035_CL01JAN18-d,0,0,0
FMa036_CL01JAN18-s,0,0,0
FMa036_CL01JAN18-d,0,0,0
SEa001_CL01JUL08-s,0,0,0
SEa001_CL01JUL08-d,0,0,0
SEa007_CL01JUL08-s,0,0,0
SEa007_CL01JUL08-d,0,0,0
SMa001_CL01JUL10-s,0,0,0
SMa001_CL01JUL10-d,0,0,0
SMa036_CL01JUL10-s,0,0,0
SMa036_CL01JUL10-d,0,0,0
SMa037_CL01JUL10-s,0,0,0
SMa037_CL01JUL10-d,0,0,0
SMe001_CL01JUL10-s,0,0,0
SMe001_CL01JUL10-d,0,0,0
FIa074_CL01JUL11-s,0,0,0
FIa074_CL01JUL11-d,0,0,0
FIg001_CL01JUL11-s,0,0,0
FIg001_CL01JUL11-d,0,0,0
LEb001_CL01JUL16-s,0,0,0
LEb001_CL01JUL16-d,0,0,0
LEb013_CL01JUL16-s,0,0,0
LEb013_CL01JUL16-d,0,0,0
LEb014_CL01JUL16-s,0,0,0
LEb014_CL01JUL16-d,0,0,0
LEb015_CL01JUL16-s,0,0,0
LEb015_CL01JUL16-d,0,0,0
LEb016_CL01JUL16-s,0,0,0
LEb016_CL01JUL16-d,0,0,0
MSa001_CL01JUL17-s,0,0,0
MSa001_CL01JUL17-d,0,0,0
SEa001_CL01JUL17-s,0,0,0
SEa001_CL01JUL17-d,0,0,0
SEa007_CL01JUL17-s,0,0,0
SEa007_CL01JUL17-d,0,0,0
SEa022_CL01JUL17-s,0,0,0
SEa022_CL01JUL17-d,0,0,0
ENb001_CL01JUN07-s,0,0,0
ENb001_CL01JUN07-d,0,0,0
RFa001_CL01JUN07-s,0,0,0
RFa001_CL01JUN07-d,0,0,0
RFa002_CL01JUN07-s,0,0,0
RFa002_CL01JUN07-d,0,0,0
RFa006_CL01JUN07-s,0,0,0
RFa006_CL01JUN07-d,0,0,0
RFa009_CL01JUN07-s,0,0,0
RFa009_CL01JUN07-d,0,0,0
RFb001_CL01JUN07-s,0,0,0
RFb001_CL01JUN07-d,0,0,0
TFa001_CL01JUN11-s,0,0,0
TFa001_CL01JUN11-d,0,0,0
TFa004_CL01JUN11-s,0,0,0
TFa004_CL01JUN11-d,0,0,0
TFa001_CL01JUN12-s,0,0,0
TFa001_CL01JUN12-d,0,0,0
TFa006_CL01JUN12-s,0,0,0
TFa006_CL01JUN12-d,0,0,0
GEb001_CL01JUN14-s,0,0,0
GEb001_CL01JUN14-d,0,0,0
GEb012_CL01JUN14-s,0,0,0
GEb012_CL01JUN14-d,0,0,0
GEb013_CL01JUN14-s,0,0,0
GEb013_CL01JUN14-d,0,0,0
GEb014_CL01JUN14-s,0,0,0
GEb014_CL01JUN14-d,0,0,0
GEb017_CL01JUN14-s,0,0,0
GEb017_CL01JUN14-d,0,0,0
FMa001_CL01JUN16-s,0,0,0
FMa001_CL01JUN16-d,0,0,0
FMa020_CL01JUN16-s,0,0,0
FMa020_CL01JUN16-d,0,0,0
FEb001_CL01MAY06-s,0,0,0
FEb001_CL01MAY06-d,0,0,0
FEb003_CL01MAY06-s,0,0,0
FEb003_CL01MAY06-d,0,0,0
ACc001_CL01MAY08-s,0,0,0
ACc001_CL01MAY08-d,0,0,0
FIa001_CL01MAY08-s,0,0,0
FIa001_CL01MAY08-d,0,0,0
FIa020_CL01MAY08-s,0,0,0
FIa020_CL01MAY08-d,0,0,0
FIa047_CL01MAY08-s,0,0,0
FIa047_CL01MAY08-d,0,0,0
FIa001_CL01MAY10-s,0,0,0
FIa001_CL01MAY10-d,0,0,0
FIa020_CL01MAY10-s,0,0,0
FIa020_CL01MAY10-d,0,0,0
FIa001_CL01MAY14-s,0,0,0
FIa001_CL01MAY14-d,0,0,0
FIa108_CL01MAY14-s,0,0,0
FIa108_CL01MAY14-d,0,0,0
FIa109_CL01MAY14-s,0,0,0
FIa109_CL01MAY14-d,0,0,0
RFa001_CL01MAY15-s,0,0,0
RFa001_CL01MAY15-d,0,0,0
RFa004_CL01MAY15-s,0,0,0
RFa004_CL01MAY15-d,0,0,0
MCa001_CL01MAY16-s,0,0,0
MCa001_CL01MAY16-d,0,0,0
MCa002_CL01MAY16-s,0,0,0
MCa002_CL01MAY16-d,0,0,0
CFc001_CL01MAY17-s,0,0,0
CFc001_CL01MAY17-d,0,0,0
HTc015_CL01MAY17-s,0,0,0
HTc015_CL01MAY17-d,0,0,0
HEa001_CL01NOV05-s,0,0,0
HEa001_CL01NOV05-d,0,0,0
HEa002_CL01NOV05-s,0,0,0
HEa002_CL01NOV05-d,0,0,0
SEb001_CL01NOV06-s,0,0,0
SEb001_CL01NOV06-d,0,0,0
SEb002_CL01NOV06-s,0,0,0
SEb002_CL01NOV06-d,0,0,0
FIa001_CL01NOV07-s,0,0,0
FIa001_CL01NOV07-d,0,0,0
FIa035_CL01NOV07-s,0,0,0
FIa035_CL01NOV07-d,0,0,0
BFa001_CL01NOV15-s,0,0,0
BFa001_CL01NOV15-d,0,0,0
BFa010_CL01NOV15-s,0,0,0
BFa010_CL01NOV15-d,0,0,0
BFa025_CL01NOV15-s,0,0,0
BFa025_CL01NOV15-d,0,0,0
BFa026_CL01NOV15-s,0,0,0
BFa026_CL01NOV15-d,0,0,0
BFa028_CL01NOV15-s,0,0,0
BFa028_CL01NOV15-d,0,0,0
BFa031_CL01NOV15-s,0,0,0
BFa031_CL01NOV15-d,0,0,0
BFa032_CL01NOV15-s,0,0,0
BFa032_CL01NOV15-d,0,0,0
FMa001_CL01NOV17-s,0,0,0
FMa001_CL01NOV17-d,0,0,0
FMa027_CL01NOV17-s,0,0,0
FMa027_CL01NOV17-d,0,0,0
FIa001_CL01OCT06-s,0,0,0
FIa001_CL01OCT06-d,0,0,0
FIa022_CL01OCT06-s,0,0,0
FIa022_CL01OCT06-d,0,0,0
FIa024_CL01OCT06-s,0,0,0
FIa024_CL01OCT06-d,0,0,0
HTa001_CL01OCT08-s,0,0,0
HTa001_CL01OCT08-d,0,0,0
HTa015_CL01OCT08-s,0,0,0
HTa015_CL01OCT08-d,0,0,0
HTa025_CL01OCT08-s,0,0,0
HTa025_CL01OCT08-d,0,0,0
FMa001_CL01OCT12-s,0,0,0
FMa001_CL01OCT12-d,0,0,0
FMa010_CL01OCT12-s,0,0,0
FMa010_CL01OCT12-d,0,0,0
FMa001_CL01OCT17-s,0,0,0
FMa001_CL01OCT17-d,0,0,0
FMa028_CL01OCT17-s,0,0,0
FMa028_CL01OCT17-d,0,0,0
FIa001_CL01SEP06-s,0,0,0
FIa001_CL01SEP06-d,0,0,0
FIa020_CL01SEP06-s,0,0,0
FIa020_CL01SEP06-d,0,0,0
FIa029_CL01SEP06-s,0,0,0
FIa029_CL01SEP06-d,0,0,0
FIa001_CL01SEP07-s,0,0,0
FIa001_CL01SEP07-d,0,0,0
FIa017_CL01SEP07-s,0,0,0
FIa017_CL01SEP07-d,0,0,0
FIa026_CL01SEP07-s,0,0,0
FIa026_CL01SEP07-d,0,0,0
FIa034_CL01SEP07-s,0,0,0
FIa034_CL01SEP07-d,0,0,0
FIb001_CL01SEP07-s,0,0,0
FIb001_CL01SEP07-d,0,0,0
FIa001_CL01SEP09-s,0,0,0
FIa001_CL01SEP09-d,0,0,0
FIa052_CL01SEP09-s,0,0,0
FIa052_CL01SEP09-d,0,0,0
FIa053_CL01SEP09-s,0,0,0
FIa053_CL01SEP09-d,0,0,0
FIa054_CL01SEP09-s,0,0,0
FIa054_CL01SEP09-d,0,0,0
RFa001_CL01SEP11-s,0,0,0
RFa001_CL01SEP11-d,0,0,0
RFa004_CL01SEP11-s,0,0,0
RFa004_CL01SEP11-d,0,0,0
SMa001_CL01SEP13-s,0,0,0
SMa001_CL01SEP13-d,0,0,0
SMa053_CL01SEP13-s,0,0,0
SMa053_CL01SEP13-d,0,0,0
SMa054_CL01SEP13-s,0,0,0
SMa054_CL01SEP13-d,0,0,0
SMe001_CL01SEP13-s,0,0,0
SMe001_CL01SEP13-d,0,0,0
EIc001_CL01SEP14-s,0,0,0
EIc001_CL01SEP14-d,0,0,0
EIc002_CL01SEP14-s,0,0,0
EIc002_CL01SEP14-d,0,0,0
EIc003_CL01SEP14-s,0,0,0
EIc003_CL01SEP14-d,0,0,0
EIc004_CL01SEP14-s,0,0,0
EIc004_CL01SEP14-d,0,0,0
HTa001_CL02APR08-s,0,0,0
HTa001_CL02APR08-d,0,0,0
HTa018_CL02APR08-s,0,0,0
HTa018_CL02APR08-d,0,0,0
HTc001_CL02APR08-s,0,0,0
HTc001_CL02APR08-d,0,0,0
TFa001_CL02APR10-s,0,0,0
TFa001_CL02APR10-d,0,0,0
TFa004_CL02APR10-s,0,0,0
TFa004_CL02APR10-d,0,0,0
FMa001_CL02APR13-s,0,0,0
FMa001_CL02APR13-d,0,0,0
FMa010_CL02APR13-s,0,0,0
FMa010_CL02APR13-d,0,0,0
CFc001_CL02APR15-s,0,0,0
CFc001_CL02APR15-d,0,0,0
HTa001_CL02APR15-s,0,0,0
HTa001_CL02APR15-d,0,0,0
HTa046_CL02APR15-s,0,0,0
HTa046_CL02APR15-d,0,0,0
EIc001_CL02APR16-s,0,0,0
EIc001_CL02APR16-d,0,0,0
EIc002_CL02APR16-s,0,0,0
EIc002_CL02APR16-d,0,0,0
EIc003_CL02APR16-s,0,0,0
EIc003_CL02APR16-d,0,0,0
EIc005_CL02APR16-s,0,0,0
EIc005_CL02APR16-d,0,0,0
NIa001_CL02APR17-s,0,0,0
NIa001_CL02APR17-d,0,0,0
NIa020_CL02APR17-s,0,0,0
NIa020_CL02APR17-d,0,0,0
NIa030_CL02APR17-s,0,0,0
NIa030_CL02APR17-d,0,0,0
NIa047_CL02APR17-s,0,0,0
NIa047_CL02APR17-d,0,0,0
RCa001_CL02DEC06-s,0,0,0
RCa001_CL02DEC06-d,0,0,0
RCa002_CL02DEC06-s,0,0,0
RCa002_CL02DEC06-d,0,0,0
RCa003_CL02DEC06-s,0,0,0
RCa003_CL02DEC06-d,0,0,0
RCa004_CL02DEC06-s,0,0,0
RCa004_CL02DEC06-d,0,0,0
RCa005_CL02DEC06-s,0,0,0
RCa005_CL02DEC06-d,0,0,0
MCa001_CL02JUL16-s,0,0,0
MCa001_CL02JUL16-d,0,0,0
MCa003_CL02JUL16-s,0,0,0
MCa003_CL02JUL16-d,0,0,0
MCa004_CL02JUL16-s,0,0,0
MCa004_CL02JUL16-d,0,0,0
SMa001_CL02JUL17-s,0,0,0
SMa001_CL02JUL17-d,0,0,0
SMa007_CL02JUL17-s,0,0,0
SMa007_CL02JUL17-d,0,0,0
SMa069_CL02JUL17-s,0,0,0
SMa069_CL02JUL17-d,0,0,0
SMa070_CL02JUL17-s,0,0,0
SMa070_CL02JUL17-d,0,0,0
SMa071_CL02JUL17-s,0,0,0
SMa071_CL02JUL17-d,0,0,0
SMa072_CL02JUL17-s,0,0,0
SMa072_CL02JUL17-d,0,0,0
SMa076_CL02JUL17-s,0,0,0
SMa076_CL02JUL17-d,0,0,0
SMa078_CL02JUL17-s,0,0,0
SMa078_CL02JUL17-d,0,0,0
SMf001_CL02JUL17-s,0,0,0
SMf001_CL02JUL17-d,0,0,0
SEa001_CL02JUN07-s,0,0,0
SEa001_CL02JUN07-d,0,0,0
SEa007_CL02JUN07-s,0,0,0
SEa007_CL02JUN07-d,0,0,0
FIa001_CL02JUN11-s,0,0,0
FIa001_CL02JUN11-d,0,0,0
FIa071_CL02JUN11-s,0,0,0
FIa071_CL02JUN11-d,0,0,0
FIa079_CL02JUN11-s,0,0,0
FIa079_CL02JUN11-d,0,0,0
FIa095_CL02JUN11-s,0,0,0
FIa095_CL02JUN11-d,0,0,0
FIa001_CL02MAY14-s,0,0,0
FIa001_CL02MAY14-d,0,0,0
FIa071_CL02MAY14-s,0,0,0
FIa071_CL02MAY14-d,0,0,0
FIa111_CL02MAY14-s,0,0,0
FIa111_CL02MAY14-d,0,0,0
FIa113_CL02MAY14-s,0,0,0
FIa113_CL02MAY14-d,0,0,0
FIa122_CL02MAY14-s,0,0,0
FIa122_CL02MAY14-d,0,0,0
FIa123_CL02MAY14-s,0,0,0
FIa123_CL02MAY14-d,0,0,0
FIa124_CL02MAY14-s,0,0,0
FIa124_CL02MAY14-d,0,0,0
FIa125_CL02MAY14-s,0,0,0
FIa125_CL02MAY14-d,0,0,0
BRa001_CL02MAY15-s,0,0,0
BRa001_CL02MAY15-d,0,0,0
BRa003_CL02MAY15-s,0,0,0
BRa003_CL02MAY15-d,0,0,0
NIa001_CL02MAY16-s,0,0,0
NIa001_CL02MAY16-d,0,0,0
NIa022_CL02MAY16-s,0,0,0
NIa022_CL02MAY16-d,0,0,0
NIa027_CL02MAY16-s,0,0,0
NIa027_CL02MAY16-d,0,0,0
FIa001_CL02MAY17-s,0,0,0
FIa001_CL02MAY17-d,0,0,0
FIa158_CL02MAY17-s,0,0,0
FIa158_CL02MAY17-d,0,0,0
RFa001_CL02NOV05-s,0,0,0
RFa001_CL02NOV05-d,0,0,0
RFa004_CL02NOV05-s,0,0,0
RFa004_CL02NOV05-d,0,0,0
RFa001_CL02NOV07-s,0,0,0
RFa001_CL02NOV07-d,0,0,0
RFa004_CL02NOV07-s,0,0,0
RFa004_CL02NOV07-d,0,0,0
RFa005_CL02NOV07-s,0,0,0
RFa005_CL02NOV07-d,0,0,0
RFb001_CL02NOV07-s,0,0,0
RFb001_CL02NOV07-d,0,0,0
SEa001_CL02SEP06-s,0,0,0
SEa001_CL02SEP06-d,0,0,0
SEa007_CL02SEP06-s,0,0,0
SEa007_CL02SEP06-d,0,0,0
SEb001_CL02SEP06-s,0,0,0
SEb001_CL02SEP06-d,0,0,0
FIb001_CL02SEP07-s,0,0,0
FIb001_CL02SEP07-d,0,0,0
FIb002_CL02SEP07-s,0,0,0
FIb002_CL02SEP07-d,0,0,0
FIb003_CL02SEP07-s,0,0,0
FIb003_CL02SEP07-d,0,0,0
SMa001_CL02SEP11-s,0,0,0
SMa001_CL02SEP11-d,0,0,0
SMa021_CL02SEP11-s,0,0,0
SMa021_CL02SEP11-d,0,0,0
SMa022_CL02SEP11-s,0,0,0
SMa022_CL02SEP11-d,0,0,0
SMa023_CL02SEP11-s,0,0,0
SMa023_CL02SEP11-d,0,0,0
FIa001_CL03APR10-s,0,0,0
FIa001_CL03APR10-d,0,0,0
FIa048_CL03APR10-s,0,0,0
FIa048_CL03APR10-d,0,0,0
RFa001_CL03APR13-s,0,0,0
RFa001_CL03APR13-d,0,0,0
RFa004_CL03APR13-s,0,0,0
RFa004_CL03APR13-d,0,0,0
RFa022_CL03APR13-s,0,0,0
RFa022_CL03APR13-d,0,0,0
FIa001_CL03APR16-s,0,0,0
FIa001_CL03APR16-d,0,0,0
FIa105_CL03APR16-s,0,0,0
FIa105_CL03APR16-d,0,0,0
FIa138_CL03APR16-s,0,0,0
FIa138_CL03APR16-d,0,0,0
MCa001_CL03APR17-s,0,0,0
MCa001_CL03APR17-d,0,0,0
MCa002_CL03APR17-s,0,0,0
MCa002_CL03APR17-d,0,0,0
MCa001_CL03APR18-s,0,0,0
MCa001_CL03APR18-d,0,0,0
MCa002_CL03APR18-s,0,0,0
MCa002_CL03APR18-d,0,0,0
SEa001_CL03JUL16-s,0,0,0
SEa001_CL03JUL16-d,0,0,0
SEa007_CL03JUL16-s,0,0,0
SEa007_CL03JUL16-d,0,0,0
SEb001_CL03JUL16-s,0,0,0
SEb001_CL03JUL16-d,0,0,0
INa003_CL03JUN11-s,0,0,0
INa003_CL03JUN11-d,0,0,0
INf001_CL03JUN11-s,0,0,0
INf001_CL03JUN11-d,0,0,0
INg001_CL03JUN11-s,0,0,0
INg001_CL03JUN11-d,0,0,0
FIa001_CL03MAY16-s,0,0,0
FIa001_CL03MAY16-d,0,0,0
FIa130_CL03MAY16-s,0,0,0
FIa130_CL03MAY16-d,0,0,0
SEb001_CL03NOV05-s,0,0,0
SEb001_CL03NOV05-d,0,0,0
SEb002_CL03NOV05-s,0,0,0
SEb002_CL03NOV05-d,0,0,0
BFa001_CL04APR13-s,0,0,0
BFa001_CL04APR13-d,0,0,0
BFa003_CL04APR13-s,0,0,0
BFa003_CL04APR13-d,0,0,0
BFa010_CL04APR13-s,0,0,0
BFa010_CL04APR13-d,0,0,0
BFa022_CL04APR13-s,0,0,0
BFa022_CL04APR13-d,0,0,0
BFa026_CL04APR13-s,0,0,0
BFa026_CL04APR13-d,0,0,0
MCa001_CL04APR17-s,0,0,0
MCa001_CL04APR17-d,0,0,0
MCa003_CL04APR17-s,0,0,0
MCa003_CL04APR17-d,0,0,0
MCa004_CL04APR17-s,0,0,0
MCa004_CL04APR17-d,0,0,0
MCa005_CL04APR17-s,0,0,0
MCa005_CL04APR17-d,0,0,0
BRa001_CL05APR17-s,0,0,0
BRa001_CL05APR17-d,0,0,0
BRa003_CL05APR17-s,0,0,0
BRa003_CL05APR17-d,0,0,0
CFc001_CL06APR17-s,0,0,0
CFc001_CL06APR17-d,0,0,0
HTc016_CL06APR17-s,0,0,0
HTc016_CL06APR17-d,0,0,0
RFa001_CL07APR17-s,0,0,0
RFa001_CL07APR17-d,0,0,0
RFa004_CL07APR17-s,0,0,0
RFa004_CL07APR17-d,0,0,0
BFa001_CL08APR17-s,0,0,0
BFa001_CL08APR17-d,0,0,0
BFa010_CL08APR17-s,0,0,0
BFa010_CL08APR17-d,0,0,0
BFa028_CL08APR17-s,0,0,0
BFa028_CL08APR17-d,0,0,0
BFa032_CL08APR17-s,0,0,0
BFa032_CL08APR17-d,0,0,0
FMa001_CL08APR18-s,0,0,0
FMa001_CL08APR18-d,0,0,0
FMa032_CL08APR18-s,0,0,0
FMa032_CL08APR18-d,0,0,0
FMa035_CL08APR18-s,0,0,0
FMa035_CL08APR18-d,0,0,0
FMa036_CL08APR18-s,0,0,0
FMa036_CL08APR18-d,0,0,0
CFc001_CL09APR17-s,0,0,0
CFc001_CL09APR17-d,0,0,0
HTc013_CL09APR17-s,0,0,0
HTc013_CL09APR17-d,0,0,0
HTc017_CL09APR17-s,0,0,0
HTc017_CL09APR17-d,0,0,0
CFc001_CL09APR18-s,0,0,0
CFc001_CL09APR18-d,0,0,0
HTc001_CL09APR18-s,0,0,0
HTc001_CL09APR18-d,0,0,0
HTc013_CL09APR18-s,0,0,0
HTc013_CL09APR18-d,6300.029621666667,6300.029621666667,0
HTc001_CL10APR17-s,0,0,0
HTc001_CL10APR17-d,0,0,0
HTc010_CL10APR17-s,0,0,0
HTc010_CL10APR17-d,0,0,0
HTc011_CL10APR17-s,0,0,0
HTc011_CL10APR17-d,0,0,0
HTc012_CL10APR17-s,0,0,0
HTc012_CL10APR17-d,0,0,0
SMa001_CP01APR09-s,0,0,0
SMa001_CP01APR09-d,0,0,0
SMa021_CP01APR09-s,0,0,0
SMa021_CP01APR09-d,0,0,0
SMa022_CP01APR09-s,0,0,0
SMa022_CP01APR09-d,0,0,0
SMa023_CP01APR09-s,0,0,0
SMa023_CP01APR09-d,0,0,0
SMa001_CP01APR10-s,0,0,0
SMa001_CP01APR10-d,0,0,0
SMa021_CP01APR10-s,0,0,0
SMa021_CP01APR10-d,0,0,0
SMa022_CP01APR10-s,0,0,0
SMa022_CP01APR10-d,0,0,0
SMa023_CP01APR10-s,0,0,0
SMa023_CP01APR10-d,0,0,0
NIa001_CP01APR12-s,0,0,0
NIa001_CP01APR12-d,0,0,0
NIa016_CP01APR12-s,0,0,0
NIa016_CP01APR12-d,0,0,0
NIa017_CP01APR12-s,0,0,0
NIa017_CP01APR12-d,0,0,0
NIa018_CP01APR12-s,0,0,0
NIa018_CP01APR12-d,0,0,0
NIa024_CP01APR12-s,0,0,0
NIa024_CP01APR12-d,0,0,0
CFc001_CP01APR13-s,0,0,0
CFc001_CP01APR13-d,0,0,0
HTa001_CP01APR13-s,0,0,0
HTa001_CP01APR13-d,0,0,0
HTa027_CP01APR13-s,0,0,0
HTa027_CP01APR13-d,0,0,0
HTa038_CP01APR13-s,0,0,0
HTa038_CP01APR13-d,0,0,0
HTa045_CP01APR13-s,0,0,0
HTa045_CP01APR13-d,0,0,0
CFc001_CP01APR14-s,0,0,0
CFc001_CP01APR14-d,0,0,0
HTa001_CP01APR14-s,0,0,0
HTa001_CP01APR14-d,0,0,0
HTa027_CP01APR14-s,0,0,0
HTa027_CP01APR14-d,0,0,0
HTa045_CP01APR14-s,0,0,0
HTa045_CP01APR14-d,0,0,0
SMa001_CP01APR15-s,0,0,0
SMa001_CP01APR15-d,0,0,0
SMa007_CP01APR15-s,0,0,0
SMa007_CP01APR15-d,0,0,0
SMa059_CP01APR15-s,0,0,0
SMa059_CP01APR15-d,0,0,0
ICa001_CP01APR16-s,0,0,0
ICa001_CP01APR16-d,0,0,0
ICa011_CP01APR16-s,0,0,0
ICa011_CP01APR16-d,0,0,0
FIa001_CP01APR17-s,0,0,0
FIa001_CP01APR17-d,0,0,0
FIa071_CP01APR17-s,0,0,0
FIa071_CP01APR17-d,0,0,0
FIa122_CP01APR17-s,0,0,0
FIa122_CP01APR17-d,0,0,0
FIa157_CP01APR17-s,0,0,0
FIa157_CP01APR17-d,0,0,0
FIa162_CP01APR17-s,0,0,0
FIa162_CP01APR17-d,0,0,0
FIa001_CP01AUG11-s,0,0,0
FIa001_CP01AUG11-d,0,0,0
FIa012_CP01AUG11-s,0,0,0
FIa012_CP01AUG11-d,0,0,0
FIa078_CP01AUG11-s,0,0,0
FIa078_CP01AUG11-d,0,0,0
RCa001_CP01DEC12-s,0,0,0
RCa001_CP01DEC12-d,0,0,0
RCa010_CP01DEC12-s,0,0,0
RCa010_CP01DEC12-d,0,0,0
RCa013_CP01DEC12-s,0,0,0
RCa013_CP01DEC12-d,0,0,0
RCa014_CP01DEC12-s,0,0,0
RCa014_CP01DEC12-d,0,0,0
RCa016_CP01DEC12-s,0,0,0
RCa016_CP01DEC12-d,0,0,0
FIb001_CP01FEB12-s,0,0,0
FIb001_CP01FEB12-d,0,0,0
FIb009_CP01FEB12-s,0,0,0
FIb009_CP01FEB12-d,0,0,0
FMa001_CP01JAN15-s,0,0,0
FMa001_CP01JAN15-d,0,0,0
FMa019_CP01JAN15-s,0,0,0
FMa019_CP01JAN15-d,0,0,0
CFb001_CP01JUL12-s,0,0,0
CFb001_CP01JUL12-d,0,0,0
CFb002_CP01JUL12-s,0,0,0
CFb002_CP01JUL12-d,0,0,0
FIa001_CP01JUL13-s,0,0,0
FIa001_CP01JUL13-d,0,0,0
FIa105_CP01JUL13-s,0,0,0
FIa105_CP01JUL13-d,0,0,0
FIa001_CP01JUL15-s,0,0,0
FIa001_CP01JUL15-d,0,0,0
FIa105_CP01JUL15-s,0,0,0
FIa105_CP01JUL15-d,0,0,0
FIa138_CP01JUL15-s,0,0,0
FIa138_CP01JUL15-d,0,0,0
ICa001_CP01JUL16-s,0,0,0
ICa001_CP01JUL16-d,0,0,0
ICa012_CP01JUL16-s,0,0,0
ICa012_CP01JUL16-d,0,0,0
ICa013_CP01JUL16-s,0,0,0
ICa013_CP01JUL16-d,0,0,0
ICa015_CP01JUL16-s,0,0,0
ICa015_CP01JUL16-d,0,0,0
GEb001_CP01JUN09-s,0,0,0
GEb001_CP01JUN09-d,0,0,0
GEb006_CP01JUN09-s,0,0,0
GEb006_CP01JUN09-d,0,0,0
GEb007_CP01JUN09-s,0,0,0
GEb007_CP01JUN09-d,0,0,0
FIa001_CP01JUN10-s,0,0,0
FIa001_CP01JUN10-d,0,0,0
FIa007_CP01JUN10-s,0,0,0
FIa007_CP01JUN10-d,0,0,0
FIa061_CP01JUN10-s,0,0,0
FIa061_CP01JUN10-d,0,0,0
FIa062_CP01JUN10-s,0,0,0
FIa062_CP01JUN10-d,0,0,0
SMa001_CP01JUN11-s,0,0,0
SMa001_CP01JUN11-d,0,0,0
SMa039_CP01JUN11-s,0,0,0
SMa039_CP01JUN11-d,0,0,0
SMa040_CP01JUN11-s,0,0,0
SMa040_CP01JUN11-d,0,0,0
SMe001_CP01JUN11-s,0,0,0
SMe001_CP01JUN11-d,0,0,0
SMa001_CP01JUN12-s,0,0,0
SMa001_CP01JUN12-d,0,0,0
SMa021_CP01JUN12-s,0,0,0
SMa021_CP01JUN12-d,0,0,0
SMa022_CP01JUN12-s,0,0,0
SMa022_CP01JUN12-d,0,0,0
SMa045_CP01JUN12-s,0,0,0
SMa045_CP01JUN12-d,0,0,0
SMa046_CP01JUN12-s,0,0,0
SMa046_CP01JUN12-d,0,0,0
SMa047_CP01JUN12-s,0,0,0
SMa047_CP01JUN12-d,0,0,0
SMa048_CP01JUN12-s,0,0,0
SMa048_CP01JUN12-d,0,0,0
CFc001_CP01JUN13-s,0,0,0
CFc001_CP01JUN13-d,0,0,0
HTa040_CP01JUN13-s,0,0,0
HTa040_CP01JUN13-d,0,0,0
HTc001_CP01JUN13-s,0,0,0
HTc001_CP01JUN13-d,0,0,0
FIa001_CP01JUN15-s,0,0,0
FIa001_CP01JUN15-d,0,0,0
FIa130_CP01JUN15-s,0,0,0
FIa130_CP01JUN15-d,0,0,0
ENb001_CP01JUN16-s,0,0,0
ENb001_CP01JUN16-d,0,0,0
ENb002_CP01JUN16-s,0,0,0
ENb002_CP01JUN16-d,0,0,0
ENb003_CP01JUN16-s,0,0,0
ENb003_CP01JUN16-d,0,0,0
CFc001_CP01MAY12-s,0,0,0
CFc001_CP01MAY12-d,0,0,0
HTa042_CP01MAY12-s,0,0,0
HTa042_CP01MAY12-d,0,0,0
FIa095_CP01MAY13-s,0,0,0
FIa095_CP01MAY13-d,0,0,0
FIg001_CP01MAY13-s,0,0,0
FIg001_CP01MAY13-d,0,0,0
CFc001_CP01MAY14-s,0,0,0
CFc001_CP01MAY14-d,0,0,0
HTa042_CP01MAY14-s,0,0,0
HTa042_CP01MAY14-d,0,0,0
CFc001_CP01MAY15-s,0,0,0
CFc001_CP01MAY15-d,0,0,0
HTa042_CP01MAY15-s,0,0,0
HTa042_CP01MAY15-d,0,0,0
NIa001_CP01MAY16-s,0,0,0
NIa001_CP01MAY16-d,0,0,0
NIa018_CP01MAY16-s,0,0,0
NIa018_CP01MAY16-d,0,0,0
NIa032_CP01MAY16-s,0,0,0
NIa032_CP01MAY16-d,0,0,0
NIa033_CP01MAY16-s,0,0,0
NIa033_CP01MAY16-d,0,0,0
NIa042_CP01MAY16-s,0,0,0
NIa042_CP01MAY16-d,0,0,0
NIa045_CP01MAY16-s,0,0,0
NIa045_CP01MAY16-d,0,0,0
CFc001_CP01MAY17-s,0,0,0
CFc001_CP01MAY17-d,0,0,0
HTc001_CP01MAY17-s,0,0,0
HTc001_CP01MAY17-d,0,0,0
HTc013_CP01MAY17-s,0,0,0
HTc013_CP01MAY17-d,0,0,0
ENa001_CP01NOV16-s,0,0,0
ENa001_CP01NOV16-d,0,0,0
ENa042_CP01NOV16-s,0,0,0
ENa042_CP01NOV16-d,0,0,0
ENb001_CP01NOV16-s,0,0,0
ENb001_CP01NOV16-d,0,0,0
CFb001_CP01OCT13-s,0,0,0
CFb001_CP01OCT13-d,0,0,0
CFb002_CP01OCT13-s,0,0,0
CFb002_CP01OCT13-d,0,0,0
HTa001_CP01SEP09-s,0,0,0
HTa001_CP01SEP09-d,0,0,0
HTa027_CP01SEP09-s,0,0,0
HTa027_CP01SEP09-d,0,0,0
HTc001_CP01SEP09-s,0,0,0
HTc001_CP01SEP09-d,0,0,0
ICa001_CP01SEP15-s,0,0,0
ICa001_CP01SEP15-d,0,0,0
ICa011_CP01SEP15-s,0,0,0
ICa011_CP01SEP15-d,0,0,0
GEb001_CP02APR10-s,0,0,0
GEb001_CP02APR10-d,0,0,0
GEb006_CP02APR10-s,0,0,0
GEb006_CP02APR10-d,0,0,0
GEb007_CP02APR10-s,0,0,0
GEb007_CP02APR10-d,0,0,0
RCa001_CP02APR12-s,0,0,0
RCa001_CP02APR12-d,0,0,0
RCa009_CP02APR12-s,0,0,0
RCa009_CP02APR12-d,0,0,0
CFc001_CP02APR13-s,0,0,0
CFc001_CP02APR13-d,0,0,0
HTa042_CP02APR13-s,0,0,0
HTa042_CP02APR13-d,0,0,0
SEa001_CP02APR14-s,0,0,0
SEa001_CP02APR14-d,0,0,0
SEa007_CP02APR14-s,0,0,0
SEa007_CP02APR14-d,0,0,0
SEa012_CP02APR14-s,0,0,0
SEa012_CP02APR14-d,0,0,0
SEb001_CP02APR14-s,0,0,0
SEb001_CP02APR14-d,0,0,0
NIa001_CP02APR15-s,0,0,0
NIa001_CP02APR15-d,0,0,0
NIa016_CP02APR15-s,0,0,0
NIa016_CP02APR15-d,0,0,0
NIa017_CP02APR15-s,0,0,0
NIa017_CP02APR15-d,0,0,0
NIa033_CP02APR15-s,0,0,0
NIa033_CP02APR15-d,0,0,0
HTc001_CP02APR17-s,0,0,0
HTc001_CP02APR17-d,0,0,0
HTc006_CP02APR17-s,0,0,0
HTc006_CP02APR17-d,0,0,0
HTc010_CP02APR17-s,0,0,0
HTc010_CP02APR17-d,0,0,0
HTc011_CP02APR17-s,0,0,0
HTc011_CP02APR17-d,0,0,0
ICa001_CP02JUL15-s,0,0,0
ICa001_CP02JUL15-d,0,0,0
ICa009_CP02JUL15-s,0,0,0
ICa009_CP02JUL15-d,0,0,0
ICa010_CP02JUL15-s,0,0,0
ICa010_CP02JUL15-d,0,0,0
FMa001_CP02JUN11-s,0,0,0
FMa001_CP02JUN11-d,0,0,0
FMa004_CP02JUN11-s,0,0,0
FMa004_CP02JUN11-d,0,0,0
FMa008_CP02JUN11-s,0,0,0
FMa008_CP02JUN11-d,0,0,0
SMa001_CP02JUN13-s,0,0,0
SMa001_CP02JUN13-d,0,0,0
SMa052_CP02JUN13-s,0,0,0
SMa052_CP02JUN13-d,0,0,0
SMe001_CP02JUN13-s,0,0,0
SMe001_CP02JUN13-d,0,0,0
SEa001_CP02MAY12-s,0,0,0
SEa001_CP02MAY12-d,0,0,0
SEa007_CP02MAY12-s,0,0,0
SEa007_CP02MAY12-d,0,0,0
SEa010_CP02MAY12-s,0,0,0
SEa010_CP02MAY12-d,0,0,0
SEb001_CP02MAY12-s,0,0,0
SEb001_CP02MAY12-d,0,0,0
SEa001_CP02MAY13-s,0,0,0
SEa001_CP02MAY13-d,0,0,0
SEa007_CP02MAY13-s,0,0,0
SEa007_CP02MAY13-d,0,0,0
SEa011_CP02MAY13-s,0,0,0
SEa011_CP02MAY13-d,0,0,0
SEa012_CP02MAY13-s,0,0,0
SEa012_CP02MAY13-d,0,0,0
SEb001_CP02MAY13-s,0,0,0
SEb001_CP02MAY13-d,0,0,0
FMa001_CP02MAY14-s,0,0,0
FMa001_CP02MAY14-d,0,0,0
FMa004_CP02MAY14-s,0,0,0
FMa004_CP02MAY14-d,0,0,0
MCa001_CP02MAY15-s,0,0,0
MCa001_CP02MAY15-d,0,0,0
MCa002_CP02MAY15-s,0,0,0
MCa002_CP02MAY15-d,0,0,0
FIa001_CP02MAY16-s,0,0,0
FIa001_CP02MAY16-d,0,0,0
FIa153_CP02MAY16-s,0,0,0
FIa153_CP02MAY16-d,0,0,0
FIi001_CP02MAY16-s,0,0,0
FIi001_CP02MAY16-d,0,0,0
CFc001_CP02NOV16-s,0,0,0
CFc001_CP02NOV16-d,0,0,0
HTa001_CP02NOV16-s,0,0,0
HTa001_CP02NOV16-d,0,0,0
HTa059_CP02NOV16-s,0,0,0
HTa059_CP02NOV16-d,0,0,0
HTa001_CP03APR10-s,0,0,0
HTa001_CP03APR10-d,0,0,0
HTa027_CP03APR10-s,0,0,0
HTa027_CP03APR10-d,0,0,0
HTc001_CP03APR10-s,0,0,0
HTc001_CP03APR10-d,0,0,0
FMa001_CP03APR12-s,0,0,0
FMa001_CP03APR12-d,0,0,0
FMa004_CP03APR12-s,0,0,0
FMa004_CP03APR12-d,0,0,0
RCa001_CP03APR13-s,0,0,0
RCa001_CP03APR13-d,0,0,0
RCa009_CP03APR13-s,0,0,0
RCa009_CP03APR13-d,0,0,0
SMa001_CP03APR14-s,0,0,0
SMa001_CP03APR14-d,0,0,0
SMa039_CP03APR14-s,0,0,0
SMa039_CP03APR14-d,0,0,0
SMa049_CP03APR14-s,0,0,0
SMa049_CP03APR14-d,0,0,0
SMa051_CP03APR14-s,0,0,0
SMa051_CP03APR14-d,0,0,0
SMe001_CP03APR14-s,0,0,0
SMe001_CP03APR14-d,0,0,0
NIa001_CP03APR15-s,0,0,0
NIa001_CP03APR15-d,0,0,0
NIa018_CP03APR15-s,0,0,0
NIa018_CP03APR15-d,0,0,0
NIa032_CP03APR15-s,0,0,0
NIa032_CP03APR15-d,0,0,0
NIa038_CP03APR15-s,0,0,0
NIa038_CP03APR15-d,0,0,0
NIa001_CP03JUN11-s,0,0,0
NIa001_CP03JUN11-d,0,0,0
NIa016_CP03JUN11-s,0,0,0
NIa016_CP03JUN11-d,0,0,0
NIa017_CP03JUN11-s,0,0,0
NIa017_CP03JUN11-d,0,0,0
NIa018_CP03JUN11-s,0,0,0
NIa018_CP03JUN11-d,0,0,0
NIa024_CP03JUN11-s,0,0,0
NIa024_CP03JUN11-d,0,0,0
CFc001_CP03MAY12-s,0,0,0
CFc001_CP03MAY12-d,0,0,0
HTa040_CP03MAY12-s,0,0,0
HTa040_CP03MAY12-d,0,0,0
HTc001_CP03MAY12-s,0,0,0
HTc001_CP03MAY12-d,0,0,0
NIa001_CP03MAY14-s,0,0,0
NIa001_CP03MAY14-d,0,0,0
NIa016_CP03MAY14-s,0,0,0
NIa016_CP03MAY14-d,0,0,0
NIa017_CP03MAY14-s,0,0,0
NIa017_CP03MAY14-d,0,0,0
NIa018_CP03MAY14-s,0,0,0
NIa018_CP03MAY14-d,0,0,0
NIa033_CP03MAY14-s,0,0,0
NIa033_CP03MAY14-d,0,0,0
FIa001_CP03MAY15-s,0,0,0
FIa001_CP03MAY15-d,0,0,0
FIa128_CP03MAY15-s,0,0,0
FIa128_CP03MAY15-d,0,0,0
FIa129_CP03MAY15-s,0,0,0
FIa129_CP03MAY15-d,0,0,0
FIg001_CP03MAY15-s,0,0,0
FIg001_CP03MAY15-d,0,0,0
FIa001_CP03MAY16-s,0,0,0
FIa001_CP03MAY16-d,0,0,0
FIa071_CP03MAY16-s,0,0,0
FIa071_CP03MAY16-d,0,0,0
FIa111_CP03MAY16-s,0,0,0
FIa111_CP03MAY16-d,0,0,0
FIa122_CP03MAY16-s,0,0,0
FIa122_CP03MAY16-d,0,0,0
FIa123_CP03MAY16-s,0,0,0
FIa123_CP03MAY16-d,0,0,0
FIa124_CP03MAY16-s,0,0,0
FIa124_CP03MAY16-d,0,0,0
FIa125_CP03MAY16-s,0,0,0
FIa125_CP03MAY16-d,0,0,0
SEa001_CP04APR10-s,0,0,0
SEa001_CP04APR10-d,0,0,0
SEa007_CP04APR10-s,0,0,0
SEa007_CP04APR10-d,0,0,0
RCa001_CP04APR13-s,0,0,0
RCa001_CP04APR13-d,0,0,0
RCa017_CP04APR13-s,0,0,0
RCa017_CP04APR13-d,0,0,0
RCb001_CP04APR13-s,0,0,0
RCb001_CP04APR13-d,0,0,0
SMa001_CP04APR14-s,0,0,0
SMa001_CP04APR14-d,0,0,0
SMa021_CP04APR14-s,0,0,0
SMa021_CP04APR14-d,0,0,0
SMa022_CP04APR14-s,0,0,0
SMa022_CP04APR14-d,0,0,0
SMa047_CP04APR14-s,0,0,0
SMa047_CP04APR14-d,0,0,0
SMa048_CP04APR14-s,0,0,0
SMa048_CP04APR14-d,0,0,0
SMa055_CP04APR14-s,0,0,0
SMa055_CP04APR14-d,0,0,0
SMa056_CP04APR14-s,0,0,0
SMa056_CP04APR14-d,0,0,0
NIa001_CP04APR15-s,0,0,0
NIa001_CP04APR15-d,0,0,0
NIa022_CP04APR15-s,0,0,0
NIa022_CP04APR15-d,0,0,0
NIa027_CP04APR15-s,0,0,0
NIa027_CP04APR15-d,0,0,0
SEa001_CP04JUN11-s,0,0,0
SEa001_CP04JUN11-d,0,0,0
SEa007_CP04JUN11-s,0,0,0
SEa007_CP04JUN11-d,0,0,0
SEa010_CP04JUN11-s,0,0,0
SEa010_CP04JUN11-d,0,0,0
SEb001_CP04JUN11-s,0,0,0
SEb001_CP04JUN11-d,0,0,0
FIb001_CP04MAY12-s,0,0,0
FIb001_CP04MAY12-d,0,0,0
FIb009_CP04MAY12-s,0,0,0
FIb009_CP04MAY12-d,0,0,0
FIa095_CP04MAY14-s,0,0,0
FIa095_CP04MAY14-d,0,0,0
FIa114_CP04MAY14-s,0,0,0
FIa114_CP04MAY14-d,0,0,0
FIa118_CP04MAY14-s,0,0,0
FIa118_CP04MAY14-d,0,0,0
FIa119_CP04MAY14-s,0,0,0
FIa119_CP04MAY14-d,0,0,0
FIa126_CP04MAY14-s,0,0,0
FIa126_CP04MAY14-d,0,0,0
FIa127_CP04MAY14-s,0,0,0
FIa127_CP04MAY14-d,0,0,0
FIg001_CP04MAY14-s,0,0,0
FIg001_CP04MAY14-d,0,0,0
NIa001_CP05APR10-s,0,0,0
NIa001_CP05APR10-d,0,0,0
NIa016_CP05APR10-s,0,0,0
NIa016_CP05APR10-d,0,0,0
NIa017_CP05APR10-s,0,0,0
NIa017_CP05APR10-d,0,0,0
NIa018_CP05APR10-s,0,0,0
NIa018_CP05APR10-d,0,0,0
RCa001_CP05APR13-s,0,0,0
RCa001_CP05APR13-d,0,0,0
RCa017_CP05APR13-s,0,0,0
RCa017_CP05APR13-d,0,0,0
RCb001_CP05APR13-s,0,0,0
RCb001_CP05APR13-d,0,0,0
SMa001_CP05APR15-s,0,0,0
SMa001_CP05APR15-d,0,0,0
SMa021_CP05APR15-s,0,0,0
SMa021_CP05APR15-d,0,0,0
SMa022_CP05APR15-s,0,0,0
SMa022_CP05APR15-d,0,0,0
SMa048_CP05APR15-s,0,0,0
SMa048_CP05APR15-d,0,0,0
SMa060_CP05APR15-s,0,0,0
SMa060_CP05APR15-d,0,0,0
SMa066_CP05APR15-s,0,0,0
SMa066_CP05APR15-d,0,0,0
SMa067_CP05APR15-s,0,0,0
SMa067_CP05APR15-d,0,0,0
SMa074_CP05APR15-s,0,0,0
SMa074_CP05APR15-d,0,0,0
SMa075_CP05APR15-s,0,0,0
SMa075_CP05APR15-d,0,0,0
SMa001_CP06APR13-s,0,0,0
SMa001_CP06APR13-d,0,0,0
SMa039_CP06APR13-s,0,0,0
SMa039_CP06APR13-d,0,0,0
SMa044_CP06APR13-s,0,0,0
SMa044_CP06APR13-d,0,0,0
SMa049_CP06APR13-s,0,0,0
SMa049_CP06APR13-d,0,0,0
SMe001_CP06APR13-s,0,0,0
SMe001_CP06APR13-d,0,0,0
CFc001_CP06APR15-s,0,0,0
CFc001_CP06APR15-d,0,0,0
HTa001_CP06APR15-s,0,0,0
HTa001_CP06APR15-d,0,0,0
HTa027_CP06APR15-s,0,0,0
HTa027_CP06APR15-d,0,0,0
HTa045_CP06APR15-s,0,0,0
HTa045_CP06APR15-d,0,0,0
SMa001_CP07APR13-s,0,0,0
SMa001_CP07APR13-d,0,0,0
SMa021_CP07APR13-s,0,0,0
SMa021_CP07APR13-d,0,0,0
SMa022_CP07APR13-s,0,0,0
SMa022_CP07APR13-d,0,0,0
SMa045_CP07APR13-s,0,0,0
SMa045_CP07APR13-d,0,0,0
SMa046_CP07APR13-s,0,0,0
SMa046_CP07APR13-d,0,0,0
SMa047_CP07APR13-s,0,0,0
SMa047_CP07APR13-d,0,0,0
SMa048_CP07APR13-s,0,0,0
SMa048_CP07APR13-d,0,0,0
NIa001_CP08APR13-s,0,0,0
NIa001_CP08APR13-d,0,0,0
NIa016_CP08APR13-s,0,0,0
NIa016_CP08APR13-d,0,0,0
NIa017_CP08APR13-s,0,0,0
NIa017_CP08APR13-d,0,0,0
NIa018_CP08APR13-s,0,0,0
NIa018_CP08APR13-d,0,0,0
FMa001_CP09APR13-s,0,0,0
FMa001_CP09APR13-d,0,0,0
FMa004_CP09APR13-s,0,0,0
FMa004_CP09APR13-d,0,0,0
CFa001_EF01JAN08-s,0,0,0
CFa001_EF01JAN08-d,0,0,0
CFa013_EF01JAN08-s,0,0,0
CFa013_EF01JAN08-d,0,0,0
MCa001_EF01JAN08-s,0,0,0
MCa001_EF01JAN08-d,0,0,0
MHa001_EF01JAN08-s,0,0,0
MHa001_EF01JAN08-d,0,0,0
MHa010_EF01JAN08-s,0,0,0
MHa010_EF01JAN08-d,0,0,0
SMa001_EF01JAN08-s,0,0,0
SMa001_EF01JAN08-d,0,0,0
SMa006_EF01JAN08-s,0,0,0
SMa006_EF01JAN08-d,0,0,0
CFa001_EF01SEP08-s,0,0,0
CFa001_EF01SEP08-d,0,0,0
CFa013_EF01SEP08-s,0,0,0
CFa013_EF01SEP08-d,0,0,0
MCa001_EF01SEP08-s,0,0,0
MCa001_EF01SEP08-d,0,0,0
MHa001_EF01SEP08-s,0,0,0
MHa001_EF01SEP08-d,0,0,0
MHa011_EF01SEP08-s,0,0,0
MHa011_EF01SEP08-d,0,0,0
SMa001_EF01SEP08-s,0,0,0
SMa001_EF01SEP08-d,0,0,0
SMa006_EF01SEP08-s,0,0,0
SMa006_EF01SEP08-d,0,0,0
ERa001_ER01JUN11-s,0,0,0
ERa001_ER01JUN11-d,0,0,0
ERa002_ER01JUN11-s,0,0,0
ERa002_ER01JUN11-d,0,0,0
FIe001_FS01APR08-s,0,0,0
FIe001_FS01APR08-d,0,0,0
FIe002_FS01APR08-s,0,0,0
FIe002_FS01APR08-d,0,0,0
SWb008_FS01APR13-s,0,0,0
SWb008_FS01APR13-d,0,0,0
SWb015_FS01APR13-s,0,0,0
SWb015_FS01APR13-d,0,0,0
SWb016_FS01APR13-s,0,0,0
SWb016_FS01APR13-d,0,0,0
GEd006_FS01APR15-s,0,0,0
GEd006_FS01APR15-d,0,0,0
GEd014_FS01APR15-s,0,0,0
GEd014_FS01APR15-d,0,0,0
FIm001_FS01APR16-s,0,0,0
FIm001_FS01APR16-d,0,0,0
FIm002_FS01APR16-s,0,0,0
FIm002_FS01APR16-d,0,0,0
FIm004_FS01APR16-s,0,0,0
FIm004_FS01APR16-d,0,0,0
FIm005_FS01APR16-s,0,0,0
FIm005_FS01APR16-d,0,0,0
SWb016_FS01APR17-s,0,0,0
SWb016_FS01APR17-d,0,0,0
SWb019_FS01APR17-s,0,0,0
SWb019_FS01APR17-d,0,0,0
SWb020_FS01APR17-s,0,0,0
SWb020_FS01APR17-d,0,0,0
SWb021_FS01APR17-s,0,0,0
SWb021_FS01APR17-d,0,0,0
SWb022_FS01APR17-s,0,0,0
SWb022_FS01APR17-d,0,0,0
FIm001_FS01APR18-s,0,0,0
FIm001_FS01APR18-d,0,0,0
FIm006_FS01APR18-s,0,0,0
FIm006_FS01APR18-d,1328.99022,1328.99022,0
FIm007_FS01APR18-s,0,0,0
FIm007_FS01APR18-d,0,0,0
FIm008_FS01APR18-s,0,0,0
FIm008_FS01APR18-d,0,0,0
FIm009_FS01APR18-s,0,0,0
FIm009_FS01APR18-d,0,0,0
FIm010_FS01APR18-s,0,0,0
FIm010_FS01APR18-d,1304.211348888889,1304.211348888889,0
SMc003_FS01AUG06-s,0,0,0
SMc003_FS01AUG06-d,0,0,0
SMc004_FS01AUG06-s,0,0,0
SMc004_FS01AUG06-d,0,0,0
SMc003_FS01AUG08-s,0,0,0
SMc003_FS01AUG08-d,0,0,0
SMc004_FS01AUG08-s,0,0,0
SMc004_FS01AUG08-d,0,0,0
SMc004_FS01AUG10-s,0,0,0
SMc004_FS01AUG10-d,0,0,0
SMc005_FS01AUG10-s,0,0,0
SMc005_FS01AUG10-d,0,0,0
SMc006_FS01AUG10-s,0,0,0
SMc006_FS01AUG10-d,0,0,0
FId001_FS01JUL06-s,0,0,0
FId001_FS01JUL06-d,0,0,0
FId002_FS01JUL06-s,0,0,0
FId002_FS01JUL06-d,0,0,0
FId003_FS01JUL06-s,0,0,0
FId003_FS01JUL06-d,0,0,0
FId004_FS01JUL06-s,0,0,0
FId004_FS01JUL06-d,0,0,0
ACc001_FS01JUL09-s,0,0,0
ACc001_FS01JUL09-d,0,0,0
ACc005_FS01JUL09-s,0,0,0
ACc005_FS01JUL09-d,0,0,0
ACc006_FS01JUL09-s,0,0,0
ACc006_FS01JUL09-d,0,0,0
ACc007_FS01JUL09-s,0,0,0
ACc007_FS01JUL09-d,0,0,0
SWb008_FS01JUL11-s,0,0,0
SWb008_FS01JUL11-d,0,0,0
SWb009_FS01JUL11-s,0,0,0
SWb009_FS01JUL11-d,0,0,0
SWb010_FS01JUL11-s,0,0,0
SWb010_FS01JUL11-d,0,0,0
SWb011_FS01JUL11-s,0,0,0
SWb011_FS01JUL11-d,0,0,0
SWb012_FS01JUL11-s,0,0,0
SWb012_FS01JUL11-d,0,0,0
ACc001_FS01JUN06-s,0,0,0
ACc001_FS01JUN06-d,0,0,0
ACc002_FS01JUN06-s,0,0,0
ACc002_FS01JUN06-d,0,0,0
ACc003_FS01JUN06-s,0,0,0
ACc003_FS01JUN06-d,0,0,0
ACc001_FS01JUN07-s,0,0,0
ACc001_FS01JUN07-d,0,0,0
ACc004_FS01JUN07-s,0,0,0
ACc004_FS01JUN07-d,0,0,0
ACc005_FS01JUN07-s,0,0,0
ACc005_FS01JUN07-d,0,0,0
ACc006_FS01JUN07-s,0,0,0
ACc006_FS01JUN07-d,0,0,0
GEd003_FS01JUN11-s,0,0,0
GEd003_FS01JUN11-d,0,0,0
GEd005_FS01JUN11-s,0,0,0
GEd005_FS01JUN11-d,0,0,0
SWb002_FS01MAY07-s,0,0,0
SWb002_FS01MAY07-d,0,0,0
SWb003_FS01MAY07-s,0,0,0
SWb003_FS01MAY07-d,0,0,0
SWb006_FS01MAY07-s,0,0,0
SWb006_FS01MAY07-d,0,0,0
SWb007_FS01MAY07-s,0,0,0
SWb007_FS01MAY07-d,0,0,0
SWb004_FS01MAY09-s,0,0,0
SWb004_FS01MAY09-d,0,0,0
SWb006_FS01MAY09-s,0,0,0
SWb006_FS01MAY09-d,0,0,0
SWb008_FS01MAY09-s,0,0,0
SWb008_FS01MAY09-d,0,0,0
FIe001_FS01MAY10-s,0,0,0
FIe001_FS01MAY10-d,0,0,0
FIe002_FS01MAY10-s,0,0,0
FIe002_FS01MAY10-d,0,0,0
FIa001_FS01MAY17-s,0,0,0
FIa001_FS01MAY17-d,0,0,0
FIn001_FS01MAY17-s,0,0,0
FIn001_FS01MAY17-d,0,0,0
FIn002_FS01MAY17-s,0,0,0
FIn002_FS01MAY17-d,0,0,0
FMc001_FS01NOV09-s,0,0,0
FMc001_FS01NOV09-d,0,0,0
FMc002_FS01NOV09-s,0,0,0
FMc002_FS01NOV09-d,0,0,0
FMc003_FS01NOV09-s,0,0,0
FMc003_FS01NOV09-d,0,0,0
FMc004_FS01NOV09-s,0,0,0
FMc004_FS01NOV09-d,0,0,0
GEd002_FS01OCT10-s,0,0,0
GEd002_FS01OCT10-d,0,0,0
GEd003_FS01OCT10-s,0,0,0
GEd003_FS01OCT10-d,0,0,0
FIp001_FS01SEP17-s,0,0,0
FIp001_FS01SEP17-d,0,0,0
FIp002_FS01SEP17-s,0,0,0
FIp002_FS01SEP17-d,0,0,0
GEd011_FS02APR14-s,0,0,0
GEd011_FS02APR14-d,0,0,0
GEd012_FS02APR14-s,0,0,0
GEd012_FS02APR14-d,0,0,0
GEd012_FS02APR15-s,0,0,0
GEd012_FS02APR15-d,0,0,0
GEd013_FS02APR15-s,0,0,0
GEd013_FS02APR15-d,0,0,0
GEd013_FS02APR16-s,0,0,0
GEd013_FS02APR16-d,0,0,0
GEd016_FS02APR16-s,0,0,0
GEd016_FS02APR16-d,0,0,0
GEd006_FS02JUN11-s,0,0,0
GEd006_FS02JUN11-d,0,0,0
GEd007_FS02JUN11-s,0,0,0
GEd007_FS02JUN11-d,0,0,0
SWb005_FS02MAY07-s,0,0,0
SWb005_FS02MAY07-d,0,0,0
SWb008_FS02MAY07-s,0,0,0
SWb008_FS02MAY07-d,0,0,0
SWb008_FS03APR15-s,0,0,0
SWb008_FS03APR15-d,0,0,0
SWb016_FS03APR15-s,0,0,0
SWb016_FS03APR15-d,0,0,0
FIp001_FS03APR18-s,0,0,0
FIp001_FS03APR18-d,0,0,0
FIp002_FS03APR18-s,0,0,0
FIp002_FS03APR18-d,0,0,0
ACc001_FS03JUN11-s,0,0,0
ACc001_FS03JUN11-d,0,0,0
ACc005_FS03JUN11-s,0,0,0
ACc005_FS03JUN11-d,0,0,0
ACc008_FS03JUN11-s,0,0,0
ACc008_FS03JUN11-d,0,0,0
ACc009_FS03JUN11-s,0,0,0
ACc009_FS03JUN11-d,0,0,0
GEd018_FS04APR17-s,0,0,0
GEd018_FS04APR17-d,0,0,0
GEd019_FS04APR17-s,0,0,0
GEd019_FS04APR17-d,0,0,0
SWb022_FS06APR18-s,0,0,0
SWb022_FS06APR18-d,0,0,0
SWb019_FS06APR18-s,0,0,0
SWb019_FS06APR18-d,0,0,0
SWb023_FS06APR18-s,0,0,0
SWb023_FS06APR18-d,0,0,0
SWb024_FS06APR18-s,0,0,0
SWb024_FS06APR18-d,0,0,0
SWb025_FS06APR18-s,0,0,0
SWb025_FS06APR18-d,0,0,0
CGa001_GR01APR10-s,0,0,0
CGa001_GR01APR10-d,0,0,0
CGa007_GR01APR10-s,0,0,0
CGa007_GR01APR10-d,0,0,0
CGa008_GR01APR10-s,0,0,0
CGa008_GR01APR10-d,0,0,0
CGa009_GR01APR10-s,0,0,0
CGa009_GR01APR10-d,0,0,0
CGa001_GR01APR12-s,0,0,0
CGa001_GR01APR12-d,0,0,0
CGa011_GR01APR12-s,0,0,0
CGa011_GR01APR12-d,0,0,0
CGa013_GR01APR12-s,0,0,0
CGa013_GR01APR12-d,0,0,0
CGa014_GR01APR12-s,0,0,0
CGa014_GR01APR12-d,0,0,0
CGa001_GR01APR13-s,0,0,0
CGa001_GR01APR13-d,0,0,0
CGa014_GR01APR13-s,0,0,0
CGa014_GR01APR13-d,0,0,0
CGa015_GR01APR13-s,0,0,0
CGa015_GR01APR13-d,0,0,0
CGa016_GR01APR13-s,0,0,0
CGa016_GR01APR13-d,0,0,0
CGa001_GR01APR14-s,0,0,0
CGa001_GR01APR14-d,0,0,0
CGa015_GR01APR14-s,0,0,0
CGa015_GR01APR14-d,0,0,0
CGa017_GR01APR14-s,0,0,0
CGa017_GR01APR14-d,0,0,0
CGa018_GR01APR14-s,0,0,0
CGa018_GR01APR14-d,0,0,0
NIa001_GR01APR15-s,0,0,0
NIa001_GR01APR15-d,0,0,0
NIa020_GR01APR15-s,0,0,0
NIa020_GR01APR15-d,0,0,0
NIa025_GR01APR15-s,0,0,0
NIa025_GR01APR15-d,0,0,0
MHa001_GR01APR16-s,0,0,0
MHa001_GR01APR16-d,0,0,0
MHa024_GR01APR16-s,0,0,0
MHa024_GR01APR16-d,0,0,0
CFb001_GR01APR17-s,0,0,0
CFb001_GR01APR17-d,0,0,0
CFb004_GR01APR17-s,0,0,0
CFb004_GR01APR17-d,0,0,0
CFb013_GR01APR17-s,0,0,0
CFb013_GR01APR17-d,0,0,0
FMd001_GR01APR19-s,0,0,0
FMd001_GR01APR19-d,686.0527569444444,686.0527569444444,0
FMa038_GR01APR19-s,0,0,0
FMa038_GR01APR19-d,0,0,0
SMa001_GR01AUG06-s,0,0,0
SMa001_GR01AUG06-d,0,0,0
SMa013_GR01AUG06-s,0,0,0
SMa013_GR01AUG06-d,0,0,0
SMa026_GR01AUG06-s,0,0,0
SMa026_GR01AUG06-d,0,0,0
SMb001_GR01AUG06-s,0,0,0
SMb001_GR01AUG06-d,0,0,0
NIa001_GR01AUG09-s,0,0,0
NIa001_GR01AUG09-d,0,0,0
NIa012_GR01AUG09-s,0,0,0
NIa012_GR01AUG09-d,0,0,0
NIa014_GR01AUG09-s,0,0,0
NIa014_GR01AUG09-d,0,0,0
FIg001_GR01AUG15-s,0,0,0
FIg001_GR01AUG15-d,0,0,0
FIg002_GR01AUG15-s,0,0,0
FIg002_GR01AUG15-d,0,0,0
KVa002_GR01AUG15-s,0,0,0
KVa002_GR01AUG15-d,0,0,0
KVa003_GR01AUG15-s,0,0,0
KVa003_GR01AUG15-d,0,0,0
RCa001_GR01AUG15-s,0,0,0
RCa001_GR01AUG15-d,0,0,0
RCb001_GR01AUG15-s,0,0,0
RCb001_GR01AUG15-d,0,0,0
CFa001_GR01DEC05-s,0,0,0
CFa001_GR01DEC05-d,0,0,0
CFa005_GR01DEC05-s,0,0,0
CFa005_GR01DEC05-d,0,0,0
CFa006_GR01DEC05-s,0,0,0
CFa006_GR01DEC05-d,0,0,0
CFa009_GR01DEC05-s,0,0,0
CFa009_GR01DEC05-d,0,0,0
CFa011_GR01DEC05-s,0,0,0
CFa011_GR01DEC05-d,0,0,0
CFa001_GR01DEC07-s,0,0,0
CFa001_GR01DEC07-d,0,0,0
CFa009_GR01DEC07-s,0,0,0
CFa009_GR01DEC07-d,0,0,0
CFa011_GR01DEC07-s,0,0,0
CFa011_GR01DEC07-d,0,0,0
CFa014_GR01DEC07-s,0,0,0
CFa014_GR01DEC07-d,0,0,0
CFa001_GR01DEC09-s,0,0,0
CFa001_GR01DEC09-d,0,0,0
CFa009_GR01DEC09-s,0,0,0
CFa009_GR01DEC09-d,0,0,0
CFa011_GR01DEC09-s,0,0,0
CFa011_GR01DEC09-d,0,0,0
CFa014_GR01DEC09-s,0,0,0
CFa014_GR01DEC09-d,0,0,0
CFa015_GR01DEC09-s,0,0,0
CFa015_GR01DEC09-d,0,0,0
MHa001_GR01DEC11-s,0,0,0
MHa001_GR01DEC11-d,0,0,0
MHa015_GR01DEC11-s,0,0,0
MHa015_GR01DEC11-d,0,0,0
MHa017_GR01DEC11-s,0,0,0
MHa017_GR01DEC11-d,0,0,0
MHa018_GR01DEC11-s,0,0,0
MHa018_GR01DEC11-d,0,0,0
MHa019_GR01DEC11-s,0,0,0
MHa019_GR01DEC11-d,0,0,0
RCa001_GR01JAN09-s,0,0,0
RCa001_GR01JAN09-d,0,0,0
RCa006_GR01JAN09-s,0,0,0
RCa006_GR01JAN09-d,0,0,0
RCa009_GR01JAN09-s,0,0,0
RCa009_GR01JAN09-d,0,0,0
RCa010_GR01JAN09-s,0,0,0
RCa010_GR01JAN09-d,0,0,0
SMa001_GR01JAN12-s,0,0,0
SMa001_GR01JAN12-d,0,0,0
SMa044_GR01JAN12-s,0,0,0
SMa044_GR01JAN12-d,0,0,0
SMa049_GR01JAN12-s,0,0,0
SMa049_GR01JAN12-d,0,0,0
SMe001_GR01JAN12-s,0,0,0
SMe001_GR01JAN12-d,0,0,0
CGa001_GR01JUL07-s,0,0,0
CGa001_GR01JUL07-d,0,0,0
RCa001_GR01JUL07-s,0,0,0
RCa001_GR01JUL07-d,0,0,0
RCa005_GR01JUL07-s,0,0,0
RCa005_GR01JUL07-d,0,0,0
RCa009_GR01JUL07-s,0,0,0
RCa009_GR01JUL07-d,0,0,0
ENa001_GR01JUL10-s,0,0,0
ENa001_GR01JUL10-d,0,0,0
ENa007_GR01JUL10-s,0,0,0
ENa007_GR01JUL10-d,0,0,0
ENa008_GR01JUL10-s,0,0,0
ENa008_GR01JUL10-d,0,0,0
ENa011_GR01JUL10-s,0,0,0
ENa011_GR01JUL10-d,0,0,0
BFa001_GR01JUL11-s,0,0,0
BFa001_GR01JUL11-d,0,0,0
BFa010_GR01JUL11-s,0,0,0
BFa010_GR01JUL11-d,0,0,0
BFa022_GR01JUL11-s,0,0,0
BFa022_GR01JUL11-d,0,0,0
CFb001_GR01JUL16-s,0,0,0
CFb001_GR01JUL16-d,0,0,0
CFb010_GR01JUL16-s,0,0,0
CFb010_GR01JUL16-d,0,0,0
CFb014_GR01JUL16-s,0,0,0
CFb014_GR01JUL16-d,0,0,0
CFb015_GR01JUL16-s,0,0,0
CFb015_GR01JUL16-d,0,0,0
RFa001_GR01JUL17-s,0,0,0
RFa001_GR01JUL17-d,0,0,0
RFa031_GR01JUL17-s,0,0,0
RFa031_GR01JUL17-d,0,0,0
RFa036_GR01JUL17-s,0,0,0
RFa036_GR01JUL17-d,0,0,0
RFa040_GR01JUL17-s,0,0,0
RFa040_GR01JUL17-d,0,0,0
RFa046_GR01JUL17-s,0,0,0
RFa046_GR01JUL17-d,0,0,0
RFa055_GR01JUL17-s,0,0,0
RFa055_GR01JUL17-d,0,0,0
RFa057_GR01JUL17-s,0,0,0
RFa057_GR01JUL17-d,0,0,0
RFa059_GR01JUL17-s,0,0,0
RFa059_GR01JUL17-d,0,0,0
HTa001_GR01JUN06-s,0,0,0
HTa001_GR01JUN06-d,0,0,0
HTa004_GR01JUN06-s,0,0,0
HTa004_GR01JUN06-d,0,0,0
HTa012_GR01JUN06-s,0,0,0
HTa012_GR01JUN06-d,0,0,0
HTc001_GR01JUN06-s,0,0,0
HTc001_GR01JUN06-d,0,0,0
NIa001_GR01JUN07-s,0,0,0
NIa001_GR01JUN07-d,0,0,0
NIa006_GR01JUN07-s,0,0,0
NIa006_GR01JUN07-d,0,0,0
NIa009_GR01JUN07-s,0,0,0
NIa009_GR01JUN07-d,0,0,0
NIa011_GR01JUN07-s,0,0,0
NIa011_GR01JUN07-d,0,0,0
NIa001_GR01JUN08-s,0,0,0
NIa001_GR01JUN08-d,0,0,0
NIa005_GR01JUN08-s,0,0,0
NIa005_GR01JUN08-d,0,0,0
NIa001_GR01JUN09-s,0,0,0
NIa001_GR01JUN09-d,0,0,0
NIa006_GR01JUN09-s,0,0,0
NIa006_GR01JUN09-d,0,0,0
NIa010_GR01JUN09-s,0,0,0
NIa010_GR01JUN09-d,0,0,0
CGa001_GR01JUN11-s,0,0,0
CGa001_GR01JUN11-d,0,0,0
CGa010_GR01JUN11-s,0,0,0
CGa010_GR01JUN11-d,0,0,0
CGa011_GR01JUN11-s,0,0,0
CGa011_GR01JUN11-d,0,0,0
CGa012_GR01JUN11-s,0,0,0
CGa012_GR01JUN11-d,0,0,0
NIa001_GR01JUN14-s,0,0,0
NIa001_GR01JUN14-d,0,0,0
NIa025_GR01JUN14-s,0,0,0
NIa025_GR01JUN14-d,0,0,0
NIa030_GR01JUN14-s,0,0,0
NIa030_GR01JUN14-d,0,0,0
NIa034_GR01JUN14-s,0,0,0
NIa034_GR01JUN14-d,0,0,0
GEb001_GR01JUN16-s,0,0,0
GEb001_GR01JUN16-d,0,0,0
GEb012_GR01JUN16-s,0,0,0
GEb012_GR01JUN16-d,0,0,0
GEb016_GR01JUN16-s,0,0,0
GEb016_GR01JUN16-d,0,0,0
GEb017_GR01JUN16-s,0,0,0
GEb017_GR01JUN16-d,0,0,0
GEb018_GR01JUN16-s,0,0,0
GEb018_GR01JUN16-d,0,0,0
BFa001_GR01MAR15-s,0,0,0
BFa001_GR01MAR15-d,0,0,0
BFa025_GR01MAR15-s,0,0,0
BFa025_GR01MAR15-d,0,0,0
EIa001_GR01MAY06-s,0,0,0
EIa001_GR01MAY06-d,0,0,0
EIa002_GR01MAY06-s,0,0,0
EIa002_GR01MAY06-d,0,0,0
EIc001_GR01MAY06-s,0,0,0
EIc001_GR01MAY06-d,0,0,0
GEb001_GR01MAY06-s,0,0,0
GEb001_GR01MAY06-d,0,0,0
RFa001_GR01MAY07-s,0,0,0
RFa001_GR01MAY07-d,0,0,0
RFa002_GR01MAY07-s,0,0,0
RFa002_GR01MAY07-d,0,0,0
RFa006_GR01MAY07-s,0,0,0
RFa006_GR01MAY07-d,0,0,0
RFb001_GR01MAY07-s,0,0,0
RFb001_GR01MAY07-d,0,0,0
SMa001_GR01MAY08-s,0,0,0
SMa001_GR01MAY08-d,0,0,0
SMa003_GR01MAY08-s,0,0,0
SMa003_GR01MAY08-d,0,0,0
SMe001_GR01MAY08-s,0,0,0
SMe001_GR01MAY08-d,0,0,0
FMa001_GR01MAY09-s,0,0,0
FMa001_GR01MAY09-d,0,0,0
FMb001_GR01MAY09-s,0,0,0
FMb001_GR01MAY09-d,0,0,0
FMa002_GR01MAY09-s,0,0,0
FMa002_GR01MAY09-d,0,0,0
FMa003_GR01MAY09-s,0,0,0
FMa003_GR01MAY09-d,0,0,0
SMa001_GR01MAY10-s,0,0,0
SMa001_GR01MAY10-d,0,0,0
SMa031_GR01MAY10-s,0,0,0
SMa031_GR01MAY10-d,0,0,0
SMe001_GR01MAY10-s,0,0,0
SMe001_GR01MAY10-d,0,0,0
CFb001_GR01MAY12-s,0,0,0
CFb001_GR01MAY12-d,0,0,0
CFb003_GR01MAY12-s,0,0,0
CFb003_GR01MAY12-d,0,0,0
MHa001_GR01MAY14-s,0,0,0
MHa001_GR01MAY14-d,0,0,0
MHa024_GR01MAY14-s,0,0,0
MHa024_GR01MAY14-d,0,0,0
MHa025_GR01MAY14-s,0,0,0
MHa025_GR01MAY14-d,0,0,0
MHa027_GR01MAY14-s,0,0,0
MHa027_GR01MAY14-d,0,0,0
MHa028_GR01MAY14-s,0,0,0
MHa028_GR01MAY14-d,0,0,0
NIa001_GR01MAY16-s,0,0,0
NIa001_GR01MAY16-d,0,0,0
NIa025_GR01MAY16-s,0,0,0
NIa025_GR01MAY16-d,0,0,0
NIa034_GR01MAY16-s,0,0,0
NIa034_GR01MAY16-d,0,0,0
NIa044_GR01MAY16-s,0,0,0
NIa044_GR01MAY16-d,0,0,0
ACa001_GR01NOV05-s,0,0,0
ACa001_GR01NOV05-d,0,0,0
ACa002_GR01NOV05-s,0,0,0
ACa002_GR01NOV05-d,0,0,0
ACa015_GR01NOV05-s,0,0,0
ACa015_GR01NOV05-d,0,0,0
MHa001_GR01NOV06-s,0,0,0
MHa001_GR01NOV06-d,0,0,0
MHa002_GR01NOV06-s,0,0,0
MHa002_GR01NOV06-d,0,0,0
MHa006_GR01NOV06-s,0,0,0
MHa006_GR01NOV06-d,0,0,0
MHa007_GR01NOV06-s,0,0,0
MHa007_GR01NOV06-d,0,0,0
ACa001_GR01NOV07-s,0,0,0
ACa001_GR01NOV07-d,0,0,0
ACa002_GR01NOV07-s,0,0,0
ACa002_GR01NOV07-d,0,0,0
ACa021_GR01NOV07-s,0,0,0
ACa021_GR01NOV07-d,0,0,0
GEb001_GR01NOV09-s,0,0,0
GEb001_GR01NOV09-d,0,0,0
GEb006_GR01NOV09-s,0,0,0
GEb006_GR01NOV09-d,0,0,0
GEb008_GR01NOV09-s,0,0,0
GEb008_GR01NOV09-d,0,0,0
GEb009_GR01NOV09-s,0,0,0
GEb009_GR01NOV09-d,0,0,0
CFc001_GR01NOV15-s,0,0,0
CFc001_GR01NOV15-d,0,0,0
HTa001_GR01NOV15-s,0,0,0
HTa001_GR01NOV15-d,0,0,0
HTa053_GR01NOV15-s,0,0,0
HTa053_GR01NOV15-d,0,0,0
HTc001_GR01NOV15-s,0,0,0
HTc001_GR01NOV15-d,0,0,0
STa001_GR01NOV17-s,0,0,0
STa001_GR01NOV17-d,0,0,0
STa003_GR01NOV17-s,0,0,0
STa003_GR01NOV17-d,0,0,0
STa012_GR01NOV17-s,0,0,0
STa012_GR01NOV17-d,0,0,0
STb001_GR01NOV17-s,0,0,0
STb001_GR01NOV17-d,0,0,0
ENa010_GR01OCT10-s,0,0,0
ENa010_GR01OCT10-d,0,0,0
ENa012_GR01OCT10-s,0,0,0
ENa012_GR01OCT10-d,0,0,0
ENa013_GR01OCT10-s,0,0,0
ENa013_GR01OCT10-d,0,0,0
ENb001_GR01OCT10-s,0,0,0
ENb001_GR01OCT10-d,0,0,0
SWc001_GR01OCT15-s,0,0,0
SWc001_GR01OCT15-d,0,0,0
SWc005_GR01OCT15-s,0,0,0
SWc005_GR01OCT15-d,0,0,0
RFa001_GR01SEP15-s,0,0,0
RFa001_GR01SEP15-d,0,0,0
RFa028_GR01SEP15-s,0,0,0
RFa028_GR01SEP15-d,0,0,0
RFa036_GR01SEP15-s,0,0,0
RFa036_GR01SEP15-d,0,0,0
RFa044_GR01SEP15-s,0,0,0
RFa044_GR01SEP15-d,0,0,0
SWc001_GR01SEP17-s,0,0,0
SWc001_GR01SEP17-d,0,0,0
SWc007_GR01SEP17-s,0,0,0
SWc007_GR01SEP17-d,0,0,0
SWc008_GR01SEP17-s,0,0,0
SWc008_GR01SEP17-d,0,0,0
ENb001_GR02APR10-s,0,0,0
ENb001_GR02APR10-d,0,0,0
RFa001_GR02APR10-s,0,0,0
RFa001_GR02APR10-d,0,0,0
RFa013_GR02APR10-s,0,0,0
RFa013_GR02APR10-d,0,0,0
RFb001_GR02APR10-s,0,0,0
RFb001_GR02APR10-d,0,0,0
MHa001_GR02APR13-s,0,0,0
MHa001_GR02APR13-d,0,0,0
MHa017_GR02APR13-s,0,0,0
MHa017_GR02APR13-d,0,0,0
MHa018_GR02APR13-s,0,0,0
MHa018_GR02APR13-d,0,0,0
MHa022_GR02APR13-s,0,0,0
MHa022_GR02APR13-d,0,0,0
FIa116_GR02APR14-s,0,0,0
FIa116_GR02APR14-d,0,0,0
FIg001_GR02APR14-s,0,0,0
FIg001_GR02APR14-d,0,0,0
NIa001_GR02APR15-s,0,0,0
NIa001_GR02APR15-d,0,0,0
NIa019_GR02APR15-s,0,0,0
NIa019_GR02APR15-d,0,0,0
NIa036_GR02APR15-s,0,0,0
NIa036_GR02APR15-d,0,0,0
NIa037_GR02APR15-s,0,0,0
NIa037_GR02APR15-d,0,0,0
NIa040_GR02APR15-s,0,0,0
NIa040_GR02APR15-d,0,0,0
NIa001_GR02APR18-s,0,0,0
NIa001_GR02APR18-d,0,0,0
NIa037_GR02APR18-s,0,0,0
NIa037_GR02APR18-d,0,0,0
NIa040_GR02APR18-s,0.7240055555555555,0.7240055555555555,0
NIa040_GR02APR18-d,12977.185175378087,12977.185174444445,9.336419753086419e-07
NIa048_GR02APR18-s,0,0,0
NIa048_GR02APR18-d,40.963844166666675,40.963844166666675,0
RFa001_GR02AUG06-s,0,0,0
RFa001_GR02AUG06-d,0,0,0
RFa002_GR02AUG06-s,0,0,0
RFa002_GR02AUG06-d,0,0,0
RFa006_GR02AUG06-s,0,0,0
RFa006_GR02AUG06-d,0,0,0
RFb001_GR02AUG06-s,0,0,0
RFb001_GR02AUG06-d,0,0,0
SMa001_GR02DEC07-s,0,0,0
SMa001_GR02DEC07-d,0,0,0
SMa007_GR02DEC07-s,0,0,0
SMa007_GR02DEC07-d,0,0,0
SMa029_GR02DEC07-s,0,0,0
SMa029_GR02DEC07-d,0,0,0
SMe001_GR02DEC07-s,0,0,0
SMe001_GR02DEC07-d,0,0,0
SMa001_GR02DEC09-s,0,0,0
SMa001_GR02DEC09-d,0,0,0
SMa007_GR02DEC09-s,0,0,0
SMa007_GR02DEC09-d,0,0,0
SMa029_GR02DEC09-s,0,0,0
SMa029_GR02DEC09-d,0,0,0
SMe001_GR02DEC09-s,0,0,0
SMe001_GR02DEC09-d,0,0,0
SMa001_GR02JAN12-s,0,0,0
SMa001_GR02JAN12-d,0,0,0
SMa007_GR02JAN12-s,0,0,0
SMa007_GR02JAN12-d,0,0,0
SMb001_GR02JAN12-s,0,0,0
SMb001_GR02JAN12-d,0,0,0
SMe001_GR02JAN12-s,0,0,0
SMe001_GR02JAN12-d,0,0,0
BFa001_GR02JUL07-s,0,0,0
BFa001_GR02JUL07-d,0,0,0
BFa003_GR02JUL07-s,0,0,0
BFa003_GR02JUL07-d,0,0,0
NIa001_GR02JUN09-s,0,0,0
NIa001_GR02JUN09-d,0,0,0
NIa009_GR02JUN09-s,0,0,0
NIa009_GR02JUN09-d,0,0,0
NIa013_GR02JUN09-s,0,0,0
NIa013_GR02JUN09-d,0,0,0
RCa001_GR02JUN11-s,0,0,0
RCa001_GR02JUN11-d,0,0,0
RCa005_GR02JUN11-s,0,0,0
RCa005_GR02JUN11-d,0,0,0
RCa010_GR02JUN11-s,0,0,0
RCa010_GR02JUN11-d,0,0,0
RCa014_GR02JUN11-s,0,0,0
RCa014_GR02JUN11-d,0,0,0
NIa001_GR02MAY12-s,0,0,0
NIa001_GR02MAY12-d,0,0,0
NIa020_GR02MAY12-s,0,0,0
NIa020_GR02MAY12-d,0,0,0
NIa025_GR02MAY12-s,0,0,0
NIa025_GR02MAY12-d,0,0,0
NIa026_GR02MAY12-s,0,0,0
NIa026_GR02MAY12-d,0,0,0
NIa029_GR02MAY12-s,0,0,0
NIa029_GR02MAY12-d,0,0,0
MHa001_GR02NOV05-s,0,0,0
MHa001_GR02NOV05-d,0,0,0
MHa002_GR02NOV05-s,0,0,0
MHa002_GR02NOV05-d,0,0,0
MHa003_GR02NOV05-s,0,0,0
MHa003_GR02NOV05-d,0,0,0
MHa004_GR02NOV05-s,0,0,0
MHa004_GR02NOV05-d,0,0,0
MHa001_GR02NOV07-s,0,0,0
MHa001_GR02NOV07-d,0,0,0
MHa010_GR02NOV07-s,0,0,0
MHa010_GR02NOV07-d,0,0,0
MHa011_GR02NOV07-s,0,0,0
MHa011_GR02NOV07-d,0,0,0
MHa013_GR02NOV07-s,0,0,0
MHa013_GR02NOV07-d,0,0,0
MHa001_GR02NOV09-s,0,0,0
MHa001_GR02NOV09-d,0,0,0
MHa003_GR02NOV09-s,0,0,0
MHa003_GR02NOV09-d,0,0,0
MHa013_GR02NOV09-s,0,0,0
MHa013_GR02NOV09-d,0,0,0
MHa015_GR02NOV09-s,0,0,0
MHa015_GR02NOV09-d,0,0,0
ENa001_GR03APR13-s,0,0,0
ENa001_GR03APR13-d,0,0,0
ENa018_GR03APR13-s,0,0,0
ENa018_GR03APR13-d,0,0,0
ENa019_GR03APR13-s,0,0,0
ENa019_GR03APR13-d,0,0,0
ENa021_GR03APR13-s,0,0,0
ENa021_GR03APR13-d,0,0,0
ENb001_GR03APR13-s,0,0,0
ENb001_GR03APR13-d,0,0,0
RCa001_GR03APR14-s,0,0,0
RCa001_GR03APR14-d,0,0,0
RCa017_GR03APR14-s,0,0,0
RCa017_GR03APR14-d,0,0,0
RCa018_GR03APR14-s,0,0,0
RCa018_GR03APR14-d,0,0,0
RCb001_GR03APR14-s,0,0,0
RCb001_GR03APR14-d,0,0,0
ENa001_GR03APR17-s,0,0,0
ENa001_GR03APR17-d,0,0,0
ENa022_GR03APR17-s,0,0,0
ENa022_GR03APR17-d,0,0,0
ENa031_GR03APR17-s,0,0,0
ENa031_GR03APR17-d,0,0,0
ENa033_GR03APR17-s,0,0,0
ENa033_GR03APR17-d,0,0,0
ENa038_GR03APR17-s,0,0,0
ENa038_GR03APR17-d,0,0,0
ENa040_GR03APR17-s,0,0,0
ENa040_GR03APR17-d,0,0,0
ENa041_GR03APR17-s,0,0,0
ENa041_GR03APR17-d,0,0,0
ENa043_GR03APR17-s,0,0,0
ENa043_GR03APR17-d,0,0,0
ENa044_GR03APR17-s,0,0,0
ENa044_GR03APR17-d,0,0,0
ENb001_GR03APR17-s,0,0,0
ENb001_GR03APR17-d,0,0,0
NIa001_GR03APR18-s,0,0,0
NIa001_GR03APR18-d,0,0,0
NIa027_GR03APR18-s,0,0,0
NIa027_GR03APR18-d,2036.2336165354939,2036.1860533333336,0.047563202160493825
NIa049_GR03APR18-s,0,0,0
NIa049_GR03APR18-d,0,0,0
FIa001_GR03JUN09-s,0,0,0
FIa001_GR03JUN09-d,0,0,0
FIa051_GR03JUN09-s,0,0,0
FIa051_GR03JUN09-d,0,0,0
FIa060_GR03JUN09-s,0,0,0
FIa060_GR03JUN09-d,0,0,0
FIb005_GR03JUN09-s,0,0,0
FIb005_GR03JUN09-d,0,0,0
ENb001_GR03JUN11-s,0,0,0
ENb001_GR03JUN11-d,0,0,0
RFa001_GR03JUN11-s,0,0,0
RFa001_GR03JUN11-d,0,0,0
RFa013_GR03JUN11-s,0,0,0
RFa013_GR03JUN11-d,0,0,0
RFa019_GR03JUN11-s,0,0,0
RFa019_GR03JUN11-d,0,0,0
RFa024_GR03JUN11-s,0,0,0
RFa024_GR03JUN11-d,0,0,0
SMa001_GR03NOV05-s,0,0,0
SMa001_GR03NOV05-d,0,0,0
SMa002_GR03NOV05-s,0,0,0
SMa002_GR03NOV05-d,0,0,0
MHa001_GR03NOV07-s,0,0,0
MHa001_GR03NOV07-d,0,0,0
MHa003_GR03NOV07-s,0,0,0
MHa003_GR03NOV07-d,0,0,0
MHa009_GR03NOV07-s,0,0,0
MHa009_GR03NOV07-d,0,0,0
MHa012_GR03NOV07-s,0,0,0
MHa012_GR03NOV07-d,0,0,0
MHa001_GR03NOV09-s,0,0,0
MHa001_GR03NOV09-d,0,0,0
MHa012_GR03NOV09-s,0,0,0
MHa012_GR03NOV09-d,0,0,0
MHa014_GR03NOV09-s,0,0,0
MHa014_GR03NOV09-d,0,0,0
MHa016_GR03NOV09-s,0,0,0
MHa016_GR03NOV09-d,0,0,0
ENa001_GR04APR13-s,0,0,0
ENa001_GR04APR13-d,0,0,0
ENa010_GR04APR13-s,0,0,0
ENa010_GR04APR13-d,0,0,0
ENa022_GR04APR13-s,0,0,0
ENa022_GR04APR13-d,0,0,0
ENa026_GR04APR13-s,0,0,0
ENa026_GR04APR13-d,0,0,0
ENb001_GR04APR13-s,0,0,0
ENb001_GR04APR13-d,0,0,0
CFb001_GR04APR14-s,0,0,0
CFb001_GR04APR14-d,0,0,0
CFb003_GR04APR14-s,0,0,0
CFb003_GR04APR14-d,0,0,0
CFb004_GR04APR14-s,0,0,0
CFb004_GR04APR14-d,0,0,0
CFb005_GR04APR14-s,0,0,0
CFb005_GR04APR14-d,0,0,0
CFb006_GR04APR14-s,0,0,0
CFb006_GR04APR14-d,0,0,0
ENa001_GR04APR15-s,0,0,0
ENa001_GR04APR15-d,0,0,0
ENa022_GR04APR15-s,0,0,0
ENa022_GR04APR15-d,0,0,0
ENa028_GR04APR15-s,0,0,0
ENa028_GR04APR15-d,0,0,0
ENa029_GR04APR15-s,0,0,0
ENa029_GR04APR15-d,0,0,0
ENa031_GR04APR15-s,0,0,0
ENa031_GR04APR15-d,0,0,0
ENa033_GR04APR15-s,0,0,0
ENa033_GR04APR15-d,0,0,0
ENa038_GR04APR15-s,0,0,0
ENa038_GR04APR15-d,0,0,0
ENa040_GR04APR15-s,0,0,0
ENa040_GR04APR15-d,0,0,0
ENa041_GR04APR15-s,0,0,0
ENa041_GR04APR15-d,0,0,0
ENb001_GR04APR15-s,0,0,0
ENb001_GR04APR15-d,0,0,0
STa001_GR04APR17-s,0,0,0
STa001_GR04APR17-d,0,0,0
STa003_GR04APR17-s,0,0,0
STa003_GR04APR17-d,0,0,0
STa006_GR04APR17-s,0,0,0
STa006_GR04APR17-d,0,0,0
STa009_GR04APR17-s,0,0,0
STa009_GR04APR17-d,0,0,0
NIa001_GR04APR18-s,0,0,0
NIa001_GR04APR18-d,0,0,0
NIa025_GR04APR18-s,14.689791666666668,14.689791666666668,0
NIa025_GR04APR18-d,2626.380913333333,2626.380913333333,0
NIa046_GR04APR18-s,15.94685888888889,15.94685888888889,0
NIa046_GR04APR18-d,1620.0924533333332,1620.0924533333332,0
NIa047_GR04APR18-s,0,0,0
NIa047_GR04APR18-d,1589.4882866666665,1589.4882866666665,0
ENa001_GR04JUN11-s,0,0,0
ENa001_GR04JUN11-d,0,0,0
ENa012_GR04JUN11-s,0,0,0
ENa012_GR04JUN11-d,0,0,0
ENa013_GR04JUN11-s,0,0,0
ENa013_GR04JUN11-d,0,0,0
ENa015_GR04JUN11-s,0,0,0
ENa015_GR04JUN11-d,0,0,0
ENa016_GR04JUN11-s,0,0,0
ENa016_GR04JUN11-d,0,0,0
ENa018_GR04JUN11-s,0,0,0
ENa018_GR04JUN11-d,0,0,0
SMa001_GR04NOV05-s,0,0,0
SMa001_GR04NOV05-d,0,0,0
SMa003_GR04NOV05-s,0,0,0
SMa003_GR04NOV05-d,0,0,0
GEb001_GR04NOV07-s,0,0,0
GEb001_GR04NOV07-d,0,0,0
GEb006_GR04NOV07-s,0,0,0
GEb006_GR04NOV07-d,0,0,0
GEb008_GR04NOV07-s,0,0,0
GEb008_GR04NOV07-d,0,0,0
FMa001_GR05APR13-s,0,0,0
FMa001_GR05APR13-d,0,0,0
FMa011_GR05APR13-s,0,0,0
FMa011_GR05APR13-d,0,0,0
FMa014_GR05APR13-s,0,0,0
FMa014_GR05APR13-d,0,0,0
FMa017_GR05APR13-s,0,0,0
FMa017_GR05APR13-d,0,0,0
FMa018_GR05APR13-s,0,0,0
FMa018_GR05APR13-d,0,0,0
CFb001_GR05APR15-s,0,0,0
CFb001_GR05APR15-d,0,0,0
CFb004_GR05APR15-s,0,0,0
CFb004_GR05APR15-d,0,0,0
CFb009_GR05APR15-s,0,0,0
CFb009_GR05APR15-d,0,0,0
CFb011_GR05APR15-s,0,0,0
CFb011_GR05APR15-d,0,0,0
CFb012_GR05APR15-s,0,0,0
CFb012_GR05APR15-d,0,0,0
NIa001_GR05APR17-s,0,0,0
NIa001_GR05APR17-d,0,0,0
NIa037_GR05APR17-s,0,0,0
NIa037_GR05APR17-d,0,0,0
NIa040_GR05APR17-s,0,0,0
NIa040_GR05APR17-d,0,0,0
NIa046_GR05APR17-s,0,0,0
NIa046_GR05APR17-d,0,0,0
FMa001_GR05APR18-s,0,0,0
FMa001_GR05APR18-d,0,0,0
FMa029_GR05APR18-s,0,0,0
FMa029_GR05APR18-d,90.66649111111111,90.66649111111111,0
ENa001_GR05JUN11-s,0,0,0
ENa001_GR05JUN11-d,0,0,0
ENa010_GR05JUN11-s,0,0,0
ENa010_GR05JUN11-d,0,0,0
ENa014_GR05JUN11-s,0,0,0
ENa014_GR05JUN11-d,0,0,0
ENa015_GR05JUN11-s,0,0,0
ENa015_GR05JUN11-d,0,0,0
ENa017_GR05JUN11-s,0,0,0
ENa017_GR05JUN11-d,0,0,0
ENa019_GR05JUN11-s,0,0,0
ENa019_GR05JUN11-d,0,0,0
ENa020_GR05JUN11-s,0,0,0
ENa020_GR05JUN11-d,0,0,0
ENa022_GR05JUN11-s,0,0,0
ENa022_GR05JUN11-d,0,0,0
SMa001_GR05NOV05-s,0,0,0
SMa001_GR05NOV05-d,0,0,0
SMa003_GR05NOV05-s,0,0,0
SMa003_GR05NOV05-d,0,0,0
SMa004_GR05NOV05-s,0,0,0
SMa004_GR05NOV05-d,0,0,0
SMa001_GR05NOV07-s,0,0,0
SMa001_GR05NOV07-d,0,0,0
SMa031_GR05NOV07-s,0,0,0
SMa031_GR05NOV07-d,0,0,0
SMa032_GR05NOV07-s,0,0,0
SMa032_GR05NOV07-d,0,0,0
SMe001_GR05NOV07-s,0,0,0
SMe001_GR05NOV07-d,0,0,0
FMa001_GR06APR18-s,0,0,0
FMa001_GR06APR18-d,0,0,0
FMa031_GR06APR18-s,0.001073989197530864,0,0.001073989197530864
FMa031_GR06APR18-d,199.07882250000006,199.07882250000006,0
FMa037_GR06APR18-s,0,0,0
FMa037_GR06APR18-d,0,0,0
FMa040_GR06APR18-s,0,0,0
FMa040_GR06APR18-d,0,0,0
CFa001_GR06JUN11-s,0,0,0
CFa001_GR06JUN11-d,0,0,0
CFa009_GR06JUN11-s,0,0,0
CFa009_GR06JUN11-d,0,0,0
CFa015_GR06JUN11-s,0,0,0
CFa015_GR06JUN11-d,0,0,0
SMa001_GR06NOV05-s,0,0,0
SMa001_GR06NOV05-d,0,0,0
SMa006_GR06NOV05-s,0,0,0
SMa006_GR06NOV05-d,0,0,0
SMa001_GR06NOV07-s,0,0,0
SMa001_GR06NOV07-d,0,0,0
SMa003_GR06NOV07-s,0,0,0
SMa003_GR06NOV07-d,0,0,0
SMa006_GR06NOV07-s,0,0,0
SMa006_GR06NOV07-d,0,0,0
FMa001_GR07APR15-s,0,0,0
FMa001_GR07APR15-d,0,0,0
FMa017_GR07APR15-s,0,0,0
FMa017_GR07APR15-d,0,0,0
FMa021_GR07APR15-s,0,0,0
FMa021_GR07APR15-d,0,0,0
FMa023_GR07APR15-s,0,0,0
FMa023_GR07APR15-d,0,0,0
FMa024_GR07APR15-s,0,0,0
FMa024_GR07APR15-d,0,0,0
NIa001_GR07JUN11-s,0,0,0
NIa001_GR07JUN11-d,0,0,0
NIa006_GR07JUN11-s,0,0,0
NIa006_GR07JUN11-d,0,0,0
NIa010_GR07JUN11-s,0,0,0
NIa010_GR07JUN11-d,0,0,0
NIa021_GR07JUN11-s,0,0,0
NIa021_GR07JUN11-d,0,0,0
KEa001_GR07NOV05-s,0,0,0
KEa001_GR07NOV05-d,0,0,0
KEb001_GR07NOV05-s,0,0,0
KEb001_GR07NOV05-d,0,0,0
RCa001_GR07NOV05-s,0,0,0
RCa001_GR07NOV05-d,0,0,0
FMa001_GR08APR17-s,0,0,0
FMa001_GR08APR17-d,0,0,0
FMa024_GR08APR17-s,0,0,0
FMa024_GR08APR17-d,0,0,0
FMa029_GR08APR17-s,0,0,0
FMa029_GR08APR17-d,0,0,0
FMa030_GR08APR17-s,0,0,0
FMa030_GR08APR17-d,0,0,0
STa001_GR08APR18-s,0,0,0
STa001_GR08APR18-d,0,0,0
STa009_GR08APR18-s,0,0,0
STa009_GR08APR18-d,15625.683916666665,15625.683916666665,0
STb001_GR08APR18-s,0,0,0
STb001_GR08APR18-d,0,0,0
NIa001_GR08JUN11-s,0,0,0
NIa001_GR08JUN11-d,0,0,0
NIa019_GR08JUN11-s,0,0,0
NIa019_GR08JUN11-d,0,0,0
NIa020_GR08JUN11-s,0,0,0
NIa020_GR08JUN11-d,0,0,0
NIa025_GR08JUN11-s,0,0,0
NIa025_GR08JUN11-d,0,0,0
NIa027_GR08JUN11-s,0,0,0
NIa027_GR08JUN11-d,0,0,0
GEb001_GR08NOV05-s,0,0,0
GEb001_GR08NOV05-d,0,0,0
GEb002_GR08NOV05-s,0,0,0
GEb002_GR08NOV05-d,0,0,0
GEb003_GR08NOV05-s,0,0,0
GEb003_GR08NOV05-d,0,0,0
GEb004_GR08NOV05-s,0,0,0
GEb004_GR08NOV05-d,0,0,0
NIa001_GR09APR13-s,0,0,0
NIa001_GR09APR13-d,0,0,0
NIa019_GR09APR13-s,0,0,0
NIa019_GR09APR13-d,0,0,0
NIa020_GR09APR13-s,0,0,0
NIa020_GR09APR13-d,0,0,0
NIa025_GR09APR13-s,0,0,0
NIa025_GR09APR13-d,0,0,0
SMa001_GR09APR15-s,0,0,0
SMa001_GR09APR15-d,0,0,0
SMa007_GR09APR15-s,0,0,0
SMa007_GR09APR15-d,0,0,0
SMa049_GR09APR15-s,0,0,0
SMa049_GR09APR15-d,0,0,0
SMa057_GR09APR15-s,0,0,0
SMa057_GR09APR15-d,0,0,0
SMa069_GR09APR15-s,0,0,0
SMa069_GR09APR15-d,0,0,0
SMa070_GR09APR15-s,0,0,0
SMa070_GR09APR15-d,0,0,0
SMa071_GR09APR15-s,0,0,0
SMa071_GR09APR15-d,0,0,0
SMa072_GR09APR15-s,0,0,0
SMa072_GR09APR15-d,0,0,0
SMe001_GR09APR15-s,0,0,0
SMe001_GR09APR15-d,0,0,0
SMf001_GR09APR15-s,0,0,0
SMf001_GR09APR15-d,0,0,0
FIg001_GR09APR17-s,0,0,0
FIg001_GR09APR17-d,0,0,0
FIg002_GR09APR17-s,0,0,0
FIg002_GR09APR17-d,0,0,0
KVa002_GR09APR17-s,0,0,0
KVa002_GR09APR17-d,0,0,0
KVa003_GR09APR17-s,0,0,0
KVa003_GR09APR17-d,0,0,0
KVa004_GR09APR17-s,0,0,0
KVa004_GR09APR17-d,0,0,0
RCa001_GR09APR17-s,0,0,0
RCa001_GR09APR17-d,0,0,0
RCb001_GR09APR17-s,0,0,0
RCb001_GR09APR17-d,0,0,0
NIa001_GR09JUN11-s,0,0,0
NIa001_GR09JUN11-d,0,0,0
NIa006_GR09JUN11-s,0,0,0
NIa006_GR09JUN11-d,0,0,0
NIa021_GR09JUN11-s,0,0,0
NIa021_GR09JUN11-d,0,0,0
NIa022_GR09JUN11-s,0,0,0
NIa022_GR09JUN11-d,0,0,0
NIa001_GR10APR13-s,0,0,0
NIa001_GR10APR13-d,0,0,0
NIa022_GR10APR13-s,0,0,0
NIa022_GR10APR13-d,0,0,0
NIa027_GR10APR13-s,0,0,0
NIa027_GR10APR13-d,0,0,0
NIa030_GR10APR13-s,0,0,0
NIa030_GR10APR13-d,0,0,0
RFa001_GR10APR17-s,0,0,0
RFa001_GR10APR17-d,0,0,0
RFa036_GR10APR17-s,0,0,0
RFa036_GR10APR17-d,0,0,0
ENa001_GR10APR18-s,0,0,0
ENa001_GR10APR18-d,0,0,0
ENa033_GR10APR18-s,0,0,0
ENa033_GR10APR18-d,0,0,0
ENa038_GR10APR18-s,0,0,0
ENa038_GR10APR18-d,2.360872222222222,2.360872222222222,0
ENa041_GR10APR18-s,0,0,0
ENa041_GR10APR18-d,0,0,0
ENa043_GR10APR18-s,0,0,0
ENa043_GR10APR18-d,14261.273116666669,14261.273116666669,0
ENa044_GR10APR18-s,419.7559466666666,419.7559466666666,0
ENa044_GR10APR18-d,0,0,0
ENb001_GR10APR18-s,0,0,0
ENb001_GR10APR18-d,250.2402438888889,250.2402438888889,0
ENa049_GR10APR18-s,0,0,0
ENa049_GR10APR18-d,488.80135138888886,488.80135138888886,0
ENb007_GR10APR18-s,0,0,0
ENb007_GR10APR18-d,0.0,0.0,0
FMa001_GR10JUN11-s,0,0,0
FMa001_GR10JUN11-d,0,0,0
FMa009_GR10JUN11-s,0,0,0
FMa009_GR10JUN11-d,0,0,0
FMa012_GR10JUN11-s,0,0,0
FMa012_GR10JUN11-d,0,0,0
FMa003_GR10JUN11-s,0,0,0
FMa003_GR10JUN11-d,0,0,0
MHa029_GR11APR18-s,0,0,0
MHa029_GR11APR18-d,10148.356927777775,10148.356927777775,0
MHc001_GR11APR18-s,0,0,0
MHc001_GR11APR18-d,0,0,0
MHa001_GR11APR18-s,0,0,0
MHa001_GR11APR18-d,0,0,0
MHa024_GR11APR18-s,0,0,0
MHa024_GR11APR18-d,5311.733165555556,5311.733165555556,0
MHa034_GR11APR18-s,0,0,0
MHa034_GR11APR18-d,504.907156111111,504.907156111111,0
FMa001_GR11JUN11-s,0,0,0
FMa001_GR11JUN11-d,0,0,0
FMa005_GR11JUN11-s,0,0,0
FMa005_GR11JUN11-d,0,0,0
FMa007_GR11JUN11-s,0,0,0
FMa007_GR11JUN11-d,0,0,0
FMa011_GR11JUN11-s,0,0,0
FMa011_GR11JUN11-d,0,0,0
GEb001_GR13JUN11-s,0,0,0
GEb001_GR13JUN11-d,0,0,0
GEb008_GR13JUN11-s,0,0,0
GEb008_GR13JUN11-d,0,0,0
GEb010_GR13JUN11-s,0,0,0
GEb010_GR13JUN11-d,0,0,0
GEb011_GR13JUN11-s,0,0,0
GEb011_GR13JUN11-d,0,0,0
GEb012_GR13JUN11-s,0,0,0
GEb012_GR13JUN11-d,0,0,0
YYa001_SGI0NOV00-s,0,0,0
YYa001_SGI0NOV00-d,0,0,0
YYb001_SGI0NOV00-s,0,0,0
YYb001_SGI0NOV00-d,0,0,0
YYb003_SGI0NOV00-s,0,0,0
YYb003_SGI0NOV00-d,0,0,0
ZZb003_SGI0NOV00-s,0,0,0
ZZb003_SGI0NOV00-d,0,0,0
ZZb005_SGI0NOV00-s,0,0,0
ZZb005_SGI0NOV00-d,0,0,0
ZZb011_SGI0NOV00-s,0,0,0
ZZb011_SGI0NOV00-d,0,0,0
YYa001_SGI1NOV00-s,0,0,0
YYa001_SGI1NOV00-d,0,0,0
YYa002_SGI1NOV00-s,0,0,0
YYa002_SGI1NOV00-d,0,0,0
YYb001_SGI1NOV00-s,0,0,0
YYb001_SGI1NOV00-d,0,0,0
YYb002_SGI1NOV00-s,0,0,0
YYb002_SGI1NOV00-d,0,0,0
ZZb005_SGI1NOV00-s,0,0,0
ZZb005_SGI1NOV00-d,0,0,0
ZZb009_SGI1NOV00-s,0,0,0
ZZb009_SGI1NOV00-d,0,0,0
ZZb011_SGI1NOV00-s,0,0,0
ZZb011_SGI1NOV00-d,0,0,0
TFa001_SP01APR06-s,0,0,0
TFa001_SP01APR06-d,0,0,0
TFa004_SP01APR06-s,0,0,0
TFa004_SP01APR06-d,0,0,0
TFa005_SP01APR06-s,0,0,0
TFa005_SP01APR06-d,0,0,0
TFa006_SP01APR06-s,0,0,0
TFa006_SP01APR06-d,0,0,0
TFa007_SP01APR06-s,0,0,0
TFa007_SP01APR06-d,0,0,0
TFa008_SP01APR06-s,0,0,0
TFa008_SP01APR06-d,0,0,0
TFa009_SP01APR06-s,0,0,0
TFa009_SP01APR06-d,0,0,0
TFb001_SP01APR06-s,0,0,0
TFb001_SP01APR06-d,0,0,0
TFa001_SP01APR09-s,0,0,0
TFa001_SP01APR09-d,0,0,0
TFa006_SP01APR09-s,0,0,0
TFa006_SP01APR09-d,0,0,0
TFa008_SP01APR09-s,0,0,0
TFa008_SP01APR09-d,0,0,0
TFa009_SP01APR09-s,0,0,0
TFa009_SP01APR09-d,0,0,0
TFa010_SP01APR09-s,0,0,0
TFa010_SP01APR09-d,0,0,0
TFa011_SP01APR09-s,0,0,0
TFa011_SP01APR09-d,0,0,0
TFb001_SP01APR09-s,0,0,0
TFb001_SP01APR09-d,0,0,0
FIa001_SP01APR12-s,0,0,0
FIa001_SP01APR12-d,0,0,0
FIa081_SP01APR12-s,0,0,0
FIa081_SP01APR12-d,0,0,0
FIa091_SP01APR12-s,0,0,0
FIa091_SP01APR12-d,0,0,0
FIa097_SP01APR12-s,0,0,0
FIa097_SP01APR12-d,0,0,0
FIa101_SP01APR12-s,0,0,0
FIa101_SP01APR12-d,0,0,0
FIi001_SP01APR12-s,0,0,0
FIi001_SP01APR12-d,0,0,0
FIk002_SP01APR12-s,0,0,0
FIk002_SP01APR12-d,0,0,0
FIa001_SP01APR14-s,0,0,0
FIa001_SP01APR14-d,0,0,0
FIa094_SP01APR14-s,0,0,0
FIa094_SP01APR14-d,0,0,0
FIa102_SP01APR14-s,0,0,0
FIa102_SP01APR14-d,0,0,0
FIa131_SP01APR14-s,0,0,0
FIa131_SP01APR14-d,0,0,0
FIa133_SP01APR14-s,0,0,0
FIa133_SP01APR14-d,0,0,0
FIa139_SP01APR14-s,0,0,0
FIa139_SP01APR14-d,0,0,0
FIa144_SP01APR14-s,0,0,0
FIa144_SP01APR14-d,0,0,0
FIa145_SP01APR14-s,0,0,0
FIa145_SP01APR14-d,0,0,0
FIa146_SP01APR14-s,0,0,0
FIa146_SP01APR14-d,0,0,0
FIa147_SP01APR14-s,0,0,0
FIa147_SP01APR14-d,0,0,0
FIa148_SP01APR14-s,0,0,0
FIa148_SP01APR14-d,0,0,0
FIa150_SP01APR14-s,0,0,0
FIa150_SP01APR14-d,0,0,0
FIa151_SP01APR14-s,0,0,0
FIa151_SP01APR14-d,0,0,0
FIa152_SP01APR14-s,0,0,0
FIa152_SP01APR14-d,0,0,0
FIa154_SP01APR14-s,0,0,0
FIa154_SP01APR14-d,0,0,0
FIi001_SP01APR14-s,0,0,0
FIi001_SP01APR14-d,0,0,0
FIa101_SP01APR15-s,0,0,0
FIa101_SP01APR15-d,0,0,0
FIa117_SP01APR15-s,0,0,0
FIa117_SP01APR15-d,0,0,0
FIa141_SP01APR15-s,0,0,0
FIa141_SP01APR15-d,0,0,0
FIg001_SP01APR15-s,0,0,0
FIg001_SP01APR15-d,0,0,0
FIg003_SP01APR15-s,0,0,0
FIg003_SP01APR15-d,0,0,0
FIg004_SP01APR15-s,0,0,0
FIg004_SP01APR15-d,0,0,0
FIg005_SP01APR15-s,0,0,0
FIg005_SP01APR15-d,0,0,0
FIg006_SP01APR15-s,0,0,0
FIg006_SP01APR15-d,0,0,0
FIg010_SP01APR15-s,0,0,0
FIg010_SP01APR15-d,0,0,0
FIg011_SP01APR15-s,0,0,0
FIg011_SP01APR15-d,0,0,0
FIa001_SP01APR17-s,0,0,0
FIa001_SP01APR17-d,0,0,0
FIa102_SP01APR17-s,0,0,0
FIa102_SP01APR17-d,0,0,0
FIa131_SP01APR17-s,0,0,0
FIa131_SP01APR17-d,0,0,0
FIa144_SP01APR17-s,0,0,0
FIa144_SP01APR17-d,0,0,0
FIa145_SP01APR17-s,0,0,0
FIa145_SP01APR17-d,0,0,0
FIa146_SP01APR17-s,0,0,0
FIa146_SP01APR17-d,0,0,0
FIa147_SP01APR17-s,0,0,0
FIa147_SP01APR17-d,0,0,0
FIa148_SP01APR17-s,0,0,0
FIa148_SP01APR17-d,0,0,0
FIa159_SP01APR17-s,0,0,0
FIa159_SP01APR17-d,0,0,0
FIa161_SP01APR17-s,0,0,0
FIa161_SP01APR17-d,0,0,0
FIa166_SP01APR17-s,0,0,0
FIa166_SP01APR17-d,0,0,0
FIg023_SP01APR17-s,0,0,0
FIg023_SP01APR17-d,0,0,0
FIi001_SP01APR17-s,0,0,0
FIi001_SP01APR17-d,0,0,0
FIr001_SP01APR17-s,0,0,0
FIr001_SP01APR17-d,0,0,0
FIa001_SP01APR18-s,0,0,0
FIa001_SP01APR18-d,0,0,0
FIa102_SP01APR18-s,0,0,0
FIa102_SP01APR18-d,0,0,0
FIa161_SP01APR18-s,0,0,0
FIa161_SP01APR18-d,0,0,0
FIr001_SP01APR18-s,0,0,0
FIr001_SP01APR18-d,724.196183888889,724.196183888889,0
FIa170_SP01APR18-s,1432.6834088888888,1432.6834088888888,0
FIa170_SP01APR18-d,0,0,0
FIa171_SP01APR18-s,0,0,0
FIa171_SP01APR18-d,0,0,0
FIa172_SP01APR18-s,0,0,0
FIa172_SP01APR18-d,7.162026388888889,7.162026388888889,0
ZZa003_SP01APR99-s,0,0,0
ZZa003_SP01APR99-d,0,0,0
ZZa006_SP01APR99-s,0,0,0
ZZa006_SP01APR99-d,0,0,0
ZZa008_SP01APR99-s,0,0,0
ZZa008_SP01APR99-d,0,0,0
ZZa011_SP01APR99-s,0,0,0
ZZa011_SP01APR99-d,0,0,0
ZZa012_SP01APR99-s,0,0,0
ZZa012_SP01APR99-d,0,0,0
FIa001_SP01JUN11-s,0,0,0
FIa001_SP01JUN11-d,0,0,0
FIa063_SP01JUN11-s,0,0,0
FIa063_SP01JUN11-d,0,0,0
FIa064_SP01JUN11-s,0,0,0
FIa064_SP01JUN11-d,0,0,0
FIa067_SP01JUN11-s,0,0,0
FIa067_SP01JUN11-d,0,0,0
FIa089_SP01JUN11-s,0,0,0
FIa089_SP01JUN11-d,0,0,0
FIa093_SP01JUN11-s,0,0,0
FIa093_SP01JUN11-d,0,0,0
FIa094_SP01JUN11-s,0,0,0
FIa094_SP01JUN11-d,0,0,0
FIa098_SP01JUN11-s,0,0,0
FIa098_SP01JUN11-d,0,0,0
FIa099_SP01JUN11-s,0,0,0
FIa099_SP01JUN11-d,0,0,0
FIa100_SP01JUN11-s,0,0,0
FIa100_SP01JUN11-d,0,0,0
FIa101_SP01JUN11-s,0,0,0
FIa101_SP01JUN11-d,0,0,0
FIa102_SP01JUN11-s,0,0,0
FIa102_SP01JUN11-d,0,0,0
FIa104_SP01JUN11-s,0,0,0
FIa104_SP01JUN11-d,0,0,0
FIg001_SP01JUN11-s,0,0,0
FIg001_SP01JUN11-d,0,0,0
FIa001_SP01MAY08-s,0,0,0
FIa001_SP01MAY08-d,0,0,0
FIa007_SP01MAY08-s,0,0,0
FIa007_SP01MAY08-d,0,0,0
FIa012_SP01MAY08-s,0,0,0
FIa012_SP01MAY08-d,0,0,0
FIa055_SP01MAY08-s,0,0,0
FIa055_SP01MAY08-d,0,0,0
FIa056_SP01MAY08-s,0,0,0
FIa056_SP01MAY08-d,0,0,0
FIb006_SP01MAY08-s,0,0,0
FIb006_SP01MAY08-d,0,0,0
ACa001_SP01NOV05-s,0,0,0
ACa001_SP01NOV05-d,0,0,0
ACa002_SP01NOV05-s,0,0,0
ACa002_SP01NOV05-d,0,0,0
ACa004_SP01NOV05-s,0,0,0
ACa004_SP01NOV05-d,0,0,0
ACa018_SP01NOV05-s,0,0,0
ACa018_SP01NOV05-d,0,0,0
ACa020_SP01NOV05-s,0,0,0
ACa020_SP01NOV05-d,0,0,0
FIa009_SP02APR06-s,0,0,0
FIa009_SP02APR06-d,0,0,0
FIa017_SP02APR06-s,0,0,0
FIa017_SP02APR06-d,0,0,0
FIa030_SP02APR06-s,0,0,0
FIa030_SP02APR06-d,0,0,0
FIa031_SP02APR06-s,0,0,0
FIa031_SP02APR06-d,0,0,0
FIa033_SP02APR06-s,0,0,0
FIa033_SP02APR06-d,0,0,0
FIb001_SP02APR06-s,0,0,0
FIb001_SP02APR06-d,0,0,0
FIa003_SP02APR06-s,0,0,0
FIa003_SP02APR06-d,0,0,0
FIa017_SP02APR09-s,0,0,0
FIa017_SP02APR09-d,0,0,0
FIa039_SP02APR09-s,0,0,0
FIa039_SP02APR09-d,0,0,0
FIa041_SP02APR09-s,0,0,0
FIa041_SP02APR09-d,0,0,0
FIa044_SP02APR09-s,0,0,0
FIa044_SP02APR09-d,0,0,0
FIa045_SP02APR09-s,0,0,0
FIa045_SP02APR09-d,0,0,0
FIa057_SP02APR09-s,0,0,0
FIa057_SP02APR09-d,0,0,0
FIa059_SP02APR09-s,0,0,0
FIa059_SP02APR09-d,0,0,0
FIb001_SP02APR09-s,0,0,0
FIb001_SP02APR09-d,0,0,0
FIa101_SP02APR17-s,0,0,0
FIa101_SP02APR17-d,0,0,0
FIa141_SP02APR17-s,0,0,0
FIa141_SP02APR17-d,0,0,0
FIa156_SP02APR17-s,0,0,0
FIa156_SP02APR17-d,0,0,0
FIa164_SP02APR17-s,0,0,0
FIa164_SP02APR17-d,0,0,0
FIg001_SP02APR17-s,0,0,0
FIg001_SP02APR17-d,0,0,0
FIg004_SP02APR17-s,0,0,0
FIg004_SP02APR17-d,0,0,0
FIg005_SP02APR17-s,0,0,0
FIg005_SP02APR17-d,0,0,0
FIg006_SP02APR17-s,0,0,0
FIg006_SP02APR17-d,0,0,0
FIg011_SP02APR17-s,0,0,0
FIg011_SP02APR17-d,0,0,0
FIg021_SP02APR17-s,0,0,0
FIg021_SP02APR17-d,0,0,0
FIa101_SP02APR18-s,0,0,0
FIa101_SP02APR18-d,0,0,0
FIa131_SP02APR18-s,0,0,0
FIa131_SP02APR18-d,9.85040050925926,9.846700555555554,0.0036999537037037036
FIa164_SP02APR18-s,0,0,0
FIa164_SP02APR18-d,146.55365277777778,146.55365277777778,0
FIg001_SP02APR18-s,0,0,0
FIg001_SP02APR18-d,0,0,0
FIg002_SP02APR18-s,0.2481855324074074,0.24754166666666666,0.0006438657407407407
FIg002_SP02APR18-d,1359.940931396605,1359.9409033333334,2.8063271604938273e-05
FIg011_SP02APR18-s,0,0,0
FIg011_SP02APR18-d,0,0,0
FIg021_SP02APR18-s,0,0,0
FIg021_SP02APR18-d,0,0,0
FIg023_SP02APR18-s,0,0,0
FIg023_SP02APR18-d,0,0,0
FIg025_SP02APR18-s,0,0,0
FIg025_SP02APR18-d,0,0,0
TFa001_SP02JUN11-s,0,0,0
TFa001_SP02JUN11-d,0,0,0
TFa013_SP02JUN11-s,0,0,0
TFa013_SP02JUN11-d,0,0,0
GEa001_SP02NOV05-s,0,0,0
GEa001_SP02NOV05-d,0,0,0
GEa002_SP02NOV05-s,0,0,0
GEa002_SP02NOV05-d,0,0,0
GEa003_SP02NOV05-s,0,0,0
GEa003_SP02NOV05-d,0,0,0
GEa004_SP02NOV05-s,0,0,0
GEa004_SP02NOV05-d,0,0,0
GEa005_SP02NOV05-s,0,0,0
GEa005_SP02NOV05-d,0,0,0
XXg008_XX00SEP18-s,0,0,0
XXg008_XX00SEP18-d,0,0,0
XXg016_XX00SEP18-s,0.03862472222222223,0.03862472222222223,0
XXg016_XX00SEP18-d,1.2529397222222223,1.2529397222222223,0
XXg020_XX00SEP18-s,0,0,0
XXg020_XX00SEP18-d,0,0,0
XXg025_XX00SEP18-s,0.006846111111111111,0.006846111111111111,0
XXg025_XX00SEP18-d,0.008196666666666666,0.008196666666666666,0
XXg036_XX00SEP18-s,0,0,0
XXg036_XX00SEP18-d,0,0,0
XXg002_XX00SEP18-s,0,0,0
XXg002_XX00SEP18-d,0,0,0
XXg003_XX00SEP18-s,0,0,0
XXg003_XX00SEP18-d,0,0,0
XXg004_XX00SEP18-s,0,0,0
XXg004_XX00SEP18-d,0,0,0
XXg007_XX00SEP18-s,0,0,0
XXg007_XX00SEP18-d,71.59274555555558,71.59274555555558,0
XXg008_XX00SEP18-s,0,0,0
XXg008_XX00SEP18-d,0,0,0
XXg014_XX00SEP18-s,0,0,0
XXg014_XX00SEP18-d,0,0,0
XXg016_XX00SEP18-s,0.03862472222222223,0.03862472222222223,0
XXg016_XX00SEP18-d,1.2529397222222223,1.2529397222222223,0
XXg017_XX00SEP18-s,0,0,0
XXg017_XX00SEP18-d,0,0,0
XXg020_XX00SEP18-s,0,0,0
XXg020_XX00SEP18-d,0,0,0
XXg021_XX00SEP18-s,0.26958194444444444,0.26958194444444444,0
XXg021_XX00SEP18-d,0,0,0
XXg025_XX00SEP18-s,0.006846111111111111,0.006846111111111111,0
XXg025_XX00SEP18-d,0.008196666666666666,0.008196666666666666,0
XXg028_XX00SEP18-s,0,0,0
XXg028_XX00SEP18-d,0,0,0
XXg029_XX00SEP18-s,0,0,0
XXg029_XX00SEP18-d,0,0,0
XXg031_XX00SEP18-s,0,0,0
XXg031_XX00SEP18-d,0,0,0
XXg032_XX00SEP18-s,0,0,0
XXg032_XX00SEP18-d,0,0,0
XXg033_XX00SEP18-s,0,0,0
XXg033_XX00SEP18-d,0.7187305555555557,0.7187305555555557,0
XXg034_XX00SEP18-s,0,0,0
XXg034_XX00SEP18-d,0,0,0
XXg035_XX00SEP18-s,0,0,0
XXg035_XX00SEP18-d,0,0,0
XXg037_XX00SEP18-s,0,0,0
XXg037_XX00SEP18-d,0,0,0
XXg030_XX00SEP18-s,0,0,0
XXg030_XX00SEP18-d,0,0,0
MCa001_YG01APR10-s,0,0,0
MCa001_YG01APR10-d,0,0,0
MHa003_YG01APR10-s,0,0,0
MHa003_YG01APR10-d,0,0,0
RCa022_YG01APR14-s,0,0,0
RCa022_YG01APR14-d,0,0,0
RCa023_YG01APR14-s,0,0,0
RCa023_YG01APR14-d,0,0,0
RCb001_YG01APR14-s,0,0,0
RCb001_YG01APR14-d,0,0,0
RCa022_YG01APR16-s,0,0,0
RCa022_YG01APR16-d,0,0,0
RCa023_YG01APR16-s,0,0,0
RCa023_YG01APR16-d,0,0,0
RCb001_YG01APR16-s,0,0,0
RCb001_YG01APR16-d,0,0,0
RCa027_YG01APR18-s,0,0,0
RCa027_YG01APR18-d,0,0,0
RCa028_YG01APR18-s,0,0,0
RCa028_YG01APR18-d,0,0,0
RCb001_YG01APR18-s,0,0,0
RCb001_YG01APR18-d,0,0,0
MCa001_YG01FEB07-s,0,0,0
MCa001_YG01FEB07-d,0,0,0
MHa008_YG01FEB07-s,0,0,0
MHa008_YG01FEB07-d,0,0,0
MCa001_YG01FEB09-s,0,0,0
MCa001_YG01FEB09-d,0,0,0
MHa003_YG01FEB09-s,0,0,0
MHa003_YG01FEB09-d,0,0,0
LEb004_YG01JUL12-s,0,0,0
LEb004_YG01JUL12-d,0,0,0
LEb005_YG01JUL12-s,0,0,0
LEb005_YG01JUL12-d,0,0,0
LEc001_YG01JUL12-s,0,0,0
LEc001_YG01JUL12-d,0,0,0
LEb009_YG01JUL14-s,0,0,0
LEb009_YG01JUL14-d,0,0,0
LEb010_YG01JUL14-s,0,0,0
LEb010_YG01JUL14-d,0,0,0
LEc001_YG01JUL14-s,0,0,0
LEc001_YG01JUL14-d,0,0,0
ACb001_YG01MAY06-s,0,0,0
ACb001_YG01MAY06-d,0,0,0
CDb001_YG01MAY06-s,0,0,0
CDb001_YG01MAY06-d,0,0,0
EIa001_YG01MAY12-s,0,0,0
EIa001_YG01MAY12-d,0,0,0
EIc001_YG01MAY12-s,0,0,0
EIc001_YG01MAY12-d,0,0,0
CFa010_YG01NOV05-s,0,0,0
CFa010_YG01NOV05-d,0,0,0
CFb001_YG01NOV05-s,0,0,0
CFb001_YG01NOV05-d,0,0,0
CFa012_YG01NOV07-s,0,0,0
CFa012_YG01NOV07-d,0,0,0
CFb001_YG01NOV07-s,0,0,0
CFb001_YG01NOV07-d,0,0,0
CGa004_YG01NOV08-s,0,0,0
CGa004_YG01NOV08-d,0,0,0
CGa007_YG01NOV08-s,0,0,0
CGa007_YG01NOV08-d,0,0,0
CGa008_YG01NOV08-s,0,0,0
CGa008_YG01NOV08-d,0,0,0
CGc001_YG01NOV08-s,0,0,0
CGc001_YG01NOV08-d,0,0,0
CFa016_YG01NOV09-s,0,0,0
CFa016_YG01NOV09-d,0,0,0
CFb001_YG01NOV09-s,0,0,0
CFb001_YG01NOV09-d,0,0,0
ZZg001_ZZ00SEP18-s,0,0,0
ZZg001_ZZ00SEP18-d,0,0,0
ZZg004_ZZ00SEP18-s,0,0,0
ZZg004_ZZ00SEP18-d,0,0,0
ZZg007_ZZ00SEP18-s,4.972537515432098,4.972525555555555,1.1959876543209876e-05
ZZg007_ZZ00SEP18-d,136.60941050925928,136.54331583333337,0.06609467592592592
ZZg008_ZZ00SEP18-s,0,0,0
ZZg008_ZZ00SEP18-d,0,0,0
ZZg014_ZZ00SEP18-s,0,0,0
ZZg014_ZZ00SEP18-d,0,0,0
ZZg016_ZZ00SEP18-s,0,0,0
ZZg016_ZZ00SEP18-d,0,0,0
ZZg021_ZZ00SEP18-s,0,0,0
ZZg021_ZZ00SEP18-d,0,0,0
ZZg025_ZZ00SEP18-s,0,0,0
ZZg025_ZZ00SEP18-d,0,0,0
ZZg028_ZZ00SEP18-s,0,0,0
ZZg028_ZZ00SEP18-d,0,0,0
ZZg029_ZZ00SEP18-s,0,0,0
ZZg029_ZZ00SEP18-d,0,0,0
ZZg030_ZZ00SEP18-s,742.5574880555555,742.5574880555555,0
ZZg030_ZZ00SEP18-d,0.12398749999999999,0.12398749999999999,0
ZZg034_ZZ00SEP18-s,0,0,0
ZZg034_ZZ00SEP18-d,0,0,0
ZZg037_ZZ00SEP18-s,0,0,0
ZZg037_ZZ00SEP18-d,0,0,0
ZZg002_ZZ00SEP18-s,0,0,0
ZZg002_ZZ00SEP18-d,0,0,0
ZZg003_ZZ00SEP18-s,0,0,0
ZZg003_ZZ00SEP18-d,0,0,0
ZZg004_ZZ00SEP18-s,0,0,0
ZZg004_ZZ00SEP18-d,0,0,0
ZZg007_ZZ00SEP18-s,4.972537515432098,4.972525555555555,1.1959876543209876e-05
ZZg007_ZZ00SEP18-d,136.60941050925928,136.54331583333337,0.06609467592592592
ZZg008_ZZ00SEP18-s,0,0,0
ZZg008_ZZ00SEP18-d,0,0,0
ZZg016_ZZ00SEP18-s,0,0,0
ZZg016_ZZ00SEP18-d,0,0,0
ZZg017_ZZ00SEP18-s,0,0,0
ZZg017_ZZ00SEP18-d,10.362266666666669,10.362266666666669,0
ZZg020_ZZ00SEP18-s,0,0,0
ZZg020_ZZ00SEP18-d,0,0,0
ZZg021_ZZ00SEP18-s,0,0,0
ZZg021_ZZ00SEP18-d,0,0,0
ZZg025_ZZ00SEP18-s,0,0,0
ZZg025_ZZ00SEP18-d,0,0,0
ZZg028_ZZ00SEP18-s,0,0,0
ZZg028_ZZ00SEP18-d,0,0,0
ZZg031_ZZ00SEP18-s,0,0,0
ZZg031_ZZ00SEP18-d,0,0,0
ZZg032_ZZ00SEP18-s,0,0,0
ZZg032_ZZ00SEP18-d,0,0,0
ZZg033_ZZ00SEP18-s,0,0,0
ZZg033_ZZ00SEP18-d,0,0,0
ZZg034_ZZ00SEP18-s,0,0,0
ZZg034_ZZ00SEP18-d,0,0,0
ZZg035_ZZ00SEP18-s,0,0,0
ZZg035_ZZ00SEP18-d,0,0,0
ZZg036_ZZ00SEP18-s,0,0,0
ZZg036_ZZ00SEP18-d,0,0,0
ZZg007_afinews_e-s,0,0,0
ZZg007_afinews_e-d,0,0,0
ZZg008_afinews_e-s,0,0,0
ZZg008_afinews_e-d,0,0,0
ZZg034_afinews_e-s,0,0,0
ZZg034_afinews_e-d,0,0,0
BFa001_afinews_e-s,0,0,0
BFa001_afinews_e-d,0,0,0
BFa025_afinews_e-s,0,0,0
BFa025_afinews_e-d,0,0,0
BFa026_afinews_e-s,0,0,0
BFa026_afinews_e-d,0,0,0
BFa031_afinews_e-s,0,0,0
BFa031_afinews_e-d,0,0,0
BFa032_afinews_e-s,0,0,0
BFa032_afinews_e-d,0,0,0
BFa036_afinews_e-s,0,0,0
BFa036_afinews_e-d,0,0,0
CFb014_afinews_e-s,0,0,0
CFb014_afinews_e-d,0,0,0
EIc006_afinews_e-s,0,0,0
EIc006_afinews_e-d,0,0,0
FIa131_afinews_e-s,0,0,0
FIa131_afinews_e-d,0,0,0
FIa164_afinews_e-s,0,0,0
FIa164_afinews_e-d,0,0,0
FIp002_afinews_e-s,0,0,0
FIp002_afinews_e-d,0,0,0
FMa028_afinews_e-s,0,0,0
FMa028_afinews_e-d,0,0,0
GEb001_afinews_e-s,0,0,0
GEb001_afinews_e-d,0,0,0
GEb016_afinews_e-s,0,0,0
GEb016_afinews_e-d,0,0,0
GEb020_afinews_e-s,0,0,0
GEb020_afinews_e-d,0,0,0
HTc001_afinews_e-s,0,0,0
HTc001_afinews_e-d,0,0,0
NIa046_afinews_e-s,0,0,0
NIa046_afinews_e-d,0,0,0
NIa047_afinews_e-s,0,0,0
NIa047_afinews_e-d,0,0,0
RFa036_afinews_e-s,0,0,0
RFa036_afinews_e-d,0,0,0
SMa081_afinews_e-s,0,0,0
SMa081_afinews_e-d,0,0,0
SWb022_afinews_e-s,0,0,0
SWb022_afinews_e-d,0,0,0
FIg024_afinews_e-s,0,0,0
FIg024_afinews_e-d,0,0,0
RFa050_afinews_e-s,0,0,0
RFa050_afinews_e-d,0,0,0
MDa001_afinews_e-s,0,0,0
MDa001_afinews_e-d,0,0,0
SMa085_afinews_e-s,0,0,0
SMa085_afinews_e-d,0,0,0
FIg025_afinews_e-s,0,0,0
FIg025_afinews_e-d,0,0,0
HTc031_afinews_e-s,0,0,0
HTc031_afinews_e-d,0,0,0
MHa034_afinews_e-s,0,0,0
MHa034_afinews_e-d,0,0,0
FMd001_afinews_j-s,0,0,0
FMd001_afinews_j-d,0,0,0
ZZg001_afinews_j-s,0,0,0
ZZg001_afinews_j-d,0,0,0
ZZg004_afinews_j-s,0,0,0
ZZg004_afinews_j-d,0,0,0
ZZg007_afinews_j-s,0,0,0
ZZg007_afinews_j-d,0,0,0
ZZg008_afinews_j-s,0,0,0
ZZg008_afinews_j-d,0,0,0
ZZg034_afinews_j-s,0,0,0
ZZg034_afinews_j-d,0,0,0
BFb001_afinews_j-s,0,0,0
BFb001_afinews_j-d,0,0,0
CFb019_afinews_j-s,0,0,0
CFb019_afinews_j-d,0,0,0
ENa049_afinews_j-s,0,0,0
ENa049_afinews_j-d,0,0,0
ENb005_afinews_j-s,0,0,0
ENb005_afinews_j-d,0,0,0
ENc001_afinews_j-s,0,0,0
ENc001_afinews_j-d,0,0,0
FIa168_afinews_j-s,0,0,0
FIa168_afinews_j-d,0,0,0
FIa169_afinews_j-s,0,0,0
FIa169_afinews_j-d,0,0,0
FIa170_afinews_j-s,0,0,0
FIa170_afinews_j-d,0,0,0
FIa171_afinews_j-s,0,0,0
FIa171_afinews_j-d,0,0,0
FIa172_afinews_j-s,0,0,0
FIa172_afinews_j-d,0,0,0
HTc001_afinews_j-s,0,0,0
HTc001_afinews_j-d,0,0,0
HTc010_afinews_j-s,0,0,0
HTc010_afinews_j-d,0,0,0
HTc013_afinews_j-s,0,0,0
HTc013_afinews_j-d,0,0,0
HTc015_afinews_j-s,0,0,0
HTc015_afinews_j-d,0,0,0
HTc016_afinews_j-s,0,0,0
HTc016_afinews_j-d,0,0,0
HTc017_afinews_j-s,0,0,0
HTc017_afinews_j-d,0,0,0
INa002_afinews_j-s,0,0,0
INa002_afinews_j-d,0,0,0
LEb001_afinews_j-s,0,0,0
LEb001_afinews_j-d,0,0,0
MCa001_afinews_j-s,0,0,0
MCa001_afinews_j-d,0,0,0
MCa002_afinews_j-s,0,0,0
MCa002_afinews_j-d,0,0,0
MCa003_afinews_j-s,0,0,0
MCa003_afinews_j-d,0,0,0
MCa004_afinews_j-s,0,0,0
MCa004_afinews_j-d,0,0,0
MHa001_afinews_j-s,0,0,0
MHa001_afinews_j-d,0,0,0
MHa024_afinews_j-s,0,0,0
MHa024_afinews_j-d,0,0,0
MSa001_afinews_j-s,0,0,0
MSa001_afinews_j-d,0,0,0
NIa001_afinews_j-s,0,0,0
NIa001_afinews_j-d,0,0,0
NIa018_afinews_j-s,0,0,0
NIa018_afinews_j-d,0,0,0
NIa020_afinews_j-s,0,0,0
NIa020_afinews_j-d,0,0,0
NIa022_afinews_j-s,0,0,0
NIa022_afinews_j-d,0,0,0
NIa025_afinews_j-s,0,0,0
NIa025_afinews_j-d,0,0,0
NIa027_afinews_j-s,0,0,0
NIa027_afinews_j-d,0,0,0
NIa030_afinews_j-s,0,0,0
NIa030_afinews_j-d,0,0,0
NIa037_afinews_j-s,0,0,0
NIa037_afinews_j-d,0,0,0
NIa040_afinews_j-s,0,0,0
NIa040_afinews_j-d,0,0,0
NIa048_afinews_j-s,0,0,0
NIa048_afinews_j-d,0,0,0
NIa049_afinews_j-s,0,0,0
NIa049_afinews_j-d,0,0,0
RCa001_afinews_j-s,0,0,0
RCa001_afinews_j-d,0,0,0
RCa027_afinews_j-s,0,0,0
RCa027_afinews_j-d,0,0,0
RCa028_afinews_j-s,0,0,0
RCa028_afinews_j-d,0,0,0
RCb001_afinews_j-s,0,0,0
RCb001_afinews_j-d,0,0,0
RFa001_afinews_j-s,0,0,0
RFa001_afinews_j-d,0,0,0
RFa004_afinews_j-s,0,0,0
RFa004_afinews_j-d,0,0,0
RFa031_afinews_j-s,0,0,0
RFa031_afinews_j-d,0,0,0
RFa055_afinews_j-s,0,0,0
RFa055_afinews_j-d,0,0,0
RFa060_afinews_j-s,0,0,0
RFa060_afinews_j-d,0,0,0
RFa061_afinews_j-s,0,0,0
RFa061_afinews_j-d,0,0,0
RFa062_afinews_j-s,0,0,0
RFa062_afinews_j-d,0,0,0
SEa001_afinews_j-s,0,0,0
SEa001_afinews_j-d,0,0,0
SEa007_afinews_j-s,0,0,0
SEa007_afinews_j-d,0,0,0
SEd001_afinews_j-s,0,0,0
SEd001_afinews_j-d,0,0,0
SMa001_afinews_j-s,0,0,0
SMa001_afinews_j-d,0,0,0
SMa007_afinews_j-s,0,0,0
SMa007_afinews_j-d,0,0,0
SMa021_afinews_j-s,0,0,0
SMa021_afinews_j-d,0,0,0
SMa060_afinews_j-s,0,0,0
SMa060_afinews_j-d,0,0,0
SMa066_afinews_j-s,0,0,0
SMa066_afinews_j-d,0,0,0
SMa076_afinews_j-s,0,0,0
SMa076_afinews_j-d,0,0,0
SMa077_afinews_j-s,0,0,0
SMa077_afinews_j-d,0,0,0
SMa079_afinews_j-s,0,0,0
SMa079_afinews_j-d,0,0,0
SMa080_afinews_j-s,0,0,0
SMa080_afinews_j-d,0,0,0
SMe001_afinews_j-s,0,0,0
SMe001_afinews_j-d,0,0,0
SMf001_afinews_j-s,0,0,0
SMf001_afinews_j-d,0,0,0
STa001_afinews_j-s,0,0,0
STa001_afinews_j-d,0,0,0
STa009_afinews_j-s,0,0,0
STa009_afinews_j-d,0,0,0
STa013_afinews_j-s,0,0,0
STa013_afinews_j-d,0,0,0
SWb019_afinews_j-s,0,0,0
SWb019_afinews_j-d,0,0,0
SWb023_afinews_j-s,0,0,0
SWb023_afinews_j-d,0,0,0
ZZa003_afinews_j-s,0,0,0
ZZa003_afinews_j-d,0,0,0
ZZa006_afinews_j-s,0,0,0
ZZa006_afinews_j-d,0,0,0
ZZa008_afinews_j-s,0,0,0
ZZa008_afinews_j-d,0,0,0
ZZa011_afinews_j-s,0,0,0
ZZa011_afinews_j-d,0,0,0
ZZg002_afinews_j-s,0,0,0
ZZg002_afinews_j-d,0,0,0
FIm008_afinews_j-s,0,0,0
FIm008_afinews_j-d,0,0,0
FIm009_afinews_j-s,0,0,0
FIm009_afinews_j-d,0,0,0
FIg024_afinews_j-s,0,0,0
FIg024_afinews_j-d,0,0,0
KVa007_afinews_j-s,0,0,0
KVa007_afinews_j-d,0,0,0
MHc002_afinews_j-s,0,0,0
MHc002_afinews_j-d,0,0,0
XXa003_afinews_j-s,0,0,0
XXa003_afinews_j-d,0,0,0
XXa006_afinews_j-s,0,0,0
XXa006_afinews_j-d,0,0,0
XXa011_afinews_j-s,0,0,0
XXa011_afinews_j-d,0,0,0
ENb006_afinews_j-s,0,0,0
ENb006_afinews_j-d,0,0,0
ENb007_afinews_j-s,0,0,0
ENb007_afinews_j-d,0,0,0
ENa047_afinews_j-s,0,0,0
ENa047_afinews_j-d,0,0,0
FIa173_afinews_j-s,0,0,0
FIa173_afinews_j-d,0,0,0
SMa083_afinews_j-s,0,0,0
SMa083_afinews_j-d,0,0,0
SMa084_afinews_j-s,0,0,0
SMa084_afinews_j-d,0,0,0
RFa066_afinews_j-s,0,0,0
RFa066_afinews_j-d,0,0,0
RFa063_afinews_j-s,0,0,0
RFa063_afinews_j-d,0,0,0
RFa067_afinews_j-s,0,0,0
RFa067_afinews_j-d,0,0,0
RFc001_afinews_j-s,0,0,0
RFc001_afinews_j-d,0,0,0
FMa037_afinews_j-s,0,0,0
FMa037_afinews_j-d,0,0,0
RCa029_afinews_j-s,0,0,0
RCa029_afinews_j-d,0,0,0
RCa031_afinews_j-s,0,0,0
RCa031_afinews_j-d,0,0,0
RFa069_afinews_j-s,0,0,0
RFa069_afinews_j-d,0,0,0
STa004_afinews_j-s,0,0,0
STa004_afinews_j-d,0,0,0
STa018_afinews_j-s,0,0,0
STa018_afinews_j-d,0,0,0
RCa032_afinews_j-s,0,0,0
RCa032_afinews_j-d,0,0,0
RCa033_afinews_j-s,0,0,0
RCa033_afinews_j-d,0,0,0
FMa038_afinews_j-s,0,0,0
FMa038_afinews_j-d,0,0,0
MDa001_afinews_j-s,0,0,0
MDa001_afinews_j-d,0,0,0
SEa023_afinews_j-s,0,0,0
SEa023_afinews_j-d,0,0,0
FMa039_afinews_j-s,0,0,0
FMa039_afinews_j-d,0,0,0
FMa040_afinews_j-s,0,0,0
FMa040_afinews_j-d,0,0,0
FIm010_afinews_j-s,0,0,0
FIm010_afinews_j-d,0,0,0
MSa006_afinews_j-s,0,0,0
MSa006_afinews_j-d,0,0,0
SEa024_afinews_j-s,0,0,0
SEa024_afinews_j-d,0,0,0
FIa174_afinews_j-s,0,0,0
FIa174_afinews_j-d,0,0,0
HTc030_afinews_j-s,0,0,0
HTc030_afinews_j-d,0,0,0
BRa004_afinews_j-s,0,0,0
BRa004_afinews_j-d,0,0,0
BRa005_afinews_j-s,0,0,0
BRa005_afinews_j-d,0,0,0
ZZg020_afinews_j-s,0,0,0
ZZg020_afinews_j-d,0,0,0
ZZg035_afinews_j-s,0,0,0
ZZg035_afinews_j-d,0,0,0
CFb021_afinews_j-s,0,0,0
CFb021_afinews_j-d,0,0,0
MCa006_afinews_j-s,0,0,0
MCa006_afinews_j-d,0,0,0
BFc001_afinews_j-s,0,0,0
BFc001_afinews_j-d,0,0,0
FIa177_afinews_j-s,0,0,0
FIa177_afinews_j-d,0,0,0
ENa050_afinews_j-s,0,0,0
ENa050_afinews_j-d,0,0,0
ENb008_afinews_j-s,0,0,0
ENb008_afinews_j-d,0,0,0
FIg026_afinews_j-s,0,0,0
FIg026_afinews_j-d,0,0,0
FIg027_afinews_j-s,0,0,0
FIg027_afinews_j-d,0,0,0
FIg028_afinews_j-s,0,0,0
FIg028_afinews_j-d,0,0,0
MCa007_afinews_j-s,0,0,0
MCa007_afinews_j-d,0,0,0
MCa008_afinews_j-s,0,0,0
MCa008_afinews_j-d,0,0,0
MDb002_afinews_j-s,0,0,0
MDb002_afinews_j-d,0,0,0
MDb003_afinews_j-s,0,0,0
MDb003_afinews_j-d,0,0,0
MDb004_afinews_j-s,0,0,0
MDb004_afinews_j-d,0,0,0
MDb005_afinews_j-s,0,0,0
MDb005_afinews_j-d,0,0,0
MSb001_afinews_j-s,0,0,0
MSb001_afinews_j-d,0,0,0
SWb026_afinews_j-s,0,0,0
SWb026_afinews_j-d,0,0,0
SWb027_afinews_j-s,0,0,0
SWb027_afinews_j-d,0,0,0
FEa002_A01APR04-s,0,0,0
FEa002_A01APR04-d,0,0,0
FIa001_A01APR04-s,0,0,0
FIa001_A01APR04-d,0,0,0
FIa004_A01APR04-s,0,0,0
FIa004_A01APR04-d,0,0,0
FIa005_A01APR04-s,0,0,0
FIa005_A01APR04-d,0,0,0
FIa007_A01APR04-s,0,0,0
FIa007_A01APR04-d,0,0,0
FIa009_A01APR04-s,0,0,0
FIa009_A01APR04-d,0,0,0
FIa014_A01APR04-s,0,0,0
FIa014_A01APR04-d,0,0,0
FIb001_A01APR04-s,0,0,0
FIb001_A01APR04-d,0,0,0
FIa002_A01APR04-s,0,0,0
FIa002_A01APR04-d,0,0,0
FIa003_A01APR04-s,0,0,0
FIa003_A01APR04-d,0,0,0
TFa001_A01APR05-s,0,0,0
TFa001_A01APR05-d,0,0,0
TFa002_A01APR05-s,0,0,0
TFa002_A01APR05-d,0,0,0
TFa003_A01APR05-s,0,0,0
TFa003_A01APR05-d,0,0,0
TFa004_A01APR05-s,0,0,0
TFa004_A01APR05-d,0,0,0
TFb001_A01APR05-s,0,0,0
TFb001_A01APR05-d,0,0,0
SMa001_C01AUG05-s,0,0,0
SMa001_C01AUG05-d,0,0,0
SMa002_C01AUG05-s,0,0,0
SMa002_C01AUG05-d,0,0,0
SMa011_C01AUG05-s,0,0,0
SMa011_C01AUG05-d,0,0,0
SMa012_C01AUG05-s,0,0,0
SMa012_C01AUG05-d,0,0,0
SMa001_C02JUN05-s,0,0,0
SMa001_C02JUN05-d,0,0,0
SMa009_C02JUN05-s,0,0,0
SMa009_C02JUN05-d,0,0,0
SMa001_E01FEB05-s,0,0,0
SMa001_E01FEB05-d,0,0,0
SMa002_E01FEB05-s,0,0,0
SMa002_E01FEB05-d,0,0,0
SMa001_E02FEB05-s,0,0,0
SMa001_E02FEB05-d,0,0,0
SMa006_E02FEB05-s,0,0,0
SMa006_E02FEB05-d,0,0,0
